timestamp,src_ip,dst_ip,protocol,src_port,dst_port,packet_length,flags,label
1745843492.509104,192.168.1.12,40.79.173.40,TCP,52526.0,443.0,78,S,0
1745843492.644024,40.79.173.40,192.168.1.12,TCP,443.0,52526.0,74,SA,0
1745843492.6445818,192.168.1.12,40.79.173.40,TCP,52526.0,443.0,66,A,0
1745843492.6454551,192.168.1.12,40.79.173.40,TCP,52526.0,443.0,1494,A,0
1745843492.6459289,192.168.1.12,40.79.173.40,TCP,52526.0,443.0,475,PA,0
1745843492.78713,40.79.173.40,192.168.1.12,TCP,443.0,52526.0,66,A,0
1745843492.793779,40.79.173.40,192.168.1.12,TCP,443.0,52526.0,165,PA,0
1745843492.7944808,192.168.1.12,40.79.173.40,TCP,52526.0,443.0,66,A,0
1745843492.795868,192.168.1.12,40.79.173.40,TCP,52526.0,443.0,749,PA,0
1745843492.94489,40.79.173.40,192.168.1.12,TCP,443.0,52526.0,1506,A,0
1745843492.94567,40.79.173.40,192.168.1.12,TCP,443.0,52526.0,1506,A,0
1745843492.9460878,40.79.173.40,192.168.1.12,TCP,443.0,52526.0,1506,A,0
1745843492.946511,40.79.173.40,192.168.1.12,TCP,443.0,52526.0,1506,A,0
1745843492.947082,40.79.173.40,192.168.1.12,TCP,443.0,52526.0,713,PA,0
1745843492.947565,192.168.1.12,40.79.173.40,TCP,52526.0,443.0,66,A,0
1745843492.947922,192.168.1.12,40.79.173.40,TCP,52526.0,443.0,66,A,0
1745843492.968801,192.168.1.12,40.79.173.40,TCP,52526.0,443.0,140,PA,0
1745843492.969152,192.168.1.12,40.79.173.40,TCP,52526.0,443.0,158,PA,0
1745843492.969436,192.168.1.12,40.79.173.40,TCP,52526.0,443.0,560,PA,0
1745843492.969693,192.168.1.12,40.79.173.40,TCP,52526.0,443.0,1494,A,0
1745843492.969946,192.168.1.12,40.79.173.40,TCP,52526.0,443.0,852,PA,0
1745843493.10818,40.79.173.40,192.168.1.12,TCP,443.0,52526.0,66,A,0
1745843493.111326,40.79.173.40,192.168.1.12,TCP,443.0,52526.0,66,A,0
1745843493.126049,40.79.173.40,192.168.1.12,TCP,443.0,52526.0,169,PA,0
1745843493.126739,192.168.1.12,40.79.173.40,TCP,52526.0,443.0,66,A,0
1745843493.157674,40.79.173.40,192.168.1.12,TCP,443.0,52526.0,128,PA,0
1745843493.158424,192.168.1.12,40.79.173.40,TCP,52526.0,443.0,66,A,0
1745843493.1592,192.168.1.12,40.79.173.40,TCP,52526.0,443.0,97,PA,0
1745843493.265936,40.79.173.40,192.168.1.12,TCP,443.0,52526.0,97,PA,0
1745843493.266378,192.168.1.12,40.79.173.40,TCP,52526.0,443.0,66,A,0
1745843493.2890491,192.168.1.12,20.42.65.88,TCP,52527.0,443.0,78,S,0
1745843493.361509,40.79.173.40,192.168.1.12,TCP,443.0,52526.0,66,A,0
1745843493.490497,40.79.173.40,192.168.1.12,TCP,443.0,52526.0,347,PA,0
1745843493.491415,192.168.1.12,40.79.173.40,TCP,52526.0,443.0,66,A,0
1745843493.508328,20.42.65.88,192.168.1.12,TCP,443.0,52527.0,74,SA,0
1745843493.509603,192.168.1.12,20.42.65.88,TCP,52527.0,443.0,66,A,0
1745843493.5104918,192.168.1.12,20.42.65.88,TCP,52527.0,443.0,583,PA,0
1745843493.7299452,20.42.65.88,192.168.1.12,TCP,443.0,52527.0,165,PA,0
1745843493.7310789,192.168.1.12,20.42.65.88,TCP,52527.0,443.0,66,A,0
1745843493.732125,192.168.1.12,20.42.65.88,TCP,52527.0,443.0,503,PA,0
1745843493.912952,192.168.1.12,40.79.173.40,TCP,52526.0,443.0,66,FA,0
1745843493.976274,20.42.65.88,192.168.1.12,TCP,443.0,52527.0,1506,A,0
1745843493.976773,20.42.65.88,192.168.1.12,TCP,443.0,52527.0,1506,A,0
1745843493.9771788,20.42.65.88,192.168.1.12,TCP,443.0,52527.0,1506,A,0
1745843493.977586,20.42.65.88,192.168.1.12,TCP,443.0,52527.0,281,PA,0
1745843493.977941,192.168.1.12,20.42.65.88,TCP,52527.0,443.0,66,A,0
1745843493.978322,192.168.1.12,20.42.65.88,TCP,52527.0,443.0,66,A,0
1745843493.980036,192.168.1.12,20.42.65.88,TCP,52527.0,443.0,1494,A,0
1745843493.980564,192.168.1.12,20.42.65.88,TCP,52527.0,443.0,705,PA,0
1745843494.056012,40.79.173.40,192.168.1.12,TCP,443.0,52526.0,66,FA,0
1745843494.057081,192.168.1.12,40.79.173.40,TCP,52526.0,443.0,66,A,0
1745843494.1971982,20.42.65.88,192.168.1.12,TCP,443.0,52527.0,66,A,0
1745843494.222672,20.42.65.88,192.168.1.12,TCP,443.0,52527.0,169,PA,0
1745843494.223234,192.168.1.12,20.42.65.88,TCP,52527.0,443.0,66,A,0
1745843494.411637,20.42.65.88,192.168.1.12,TCP,443.0,52527.0,531,FPA,0
1745843494.412431,192.168.1.12,20.42.65.88,TCP,52527.0,443.0,66,A,0
1745843494.4131992,192.168.1.12,20.42.65.88,TCP,52527.0,443.0,90,PA,0
1745843494.413485,192.168.1.12,20.42.65.88,TCP,52527.0,443.0,66,FA,0
1745843494.631139,20.42.65.88,192.168.1.12,TCP,443.0,52527.0,66,A,0
1745843500.302721,192.168.1.5,224.0.0.251,UDP,5353.0,5353.0,152,,0
1745843503.683155,192.168.1.12,17.242.13.5,TCP,61456.0,5223.0,1506,A,0
1745843503.684312,192.168.1.12,17.242.13.5,TCP,61456.0,5223.0,674,PA,0
1745843503.684769,192.168.1.12,17.242.13.5,TCP,61456.0,5223.0,1506,A,0
1745843503.685156,192.168.1.12,17.242.13.5,TCP,61456.0,5223.0,227,PA,0
1745843503.7223969,17.242.13.5,192.168.1.12,TCP,5223.0,61456.0,66,A,0
1745843503.725465,17.242.13.5,192.168.1.12,TCP,5223.0,61456.0,66,A,0
1745843505.958772,192.168.1.12,142.250.82.215,UDP,54888.0,3478.0,162,,0
1745843505.974566,142.250.82.215,192.168.1.12,UDP,3478.0,54888.0,106,,0
1745843506.2174358,192.168.1.12,17.242.13.5,TCP,61456.0,5223.0,1506,A,0
1745843506.218086,192.168.1.12,17.242.13.5,TCP,61456.0,5223.0,674,PA,0
1745843506.218444,192.168.1.12,17.242.13.5,TCP,61456.0,5223.0,1506,A,0
1745843506.218732,192.168.1.12,17.242.13.5,TCP,61456.0,5223.0,227,PA,0
1745843506.245295,192.168.1.12,224.0.0.251,UDP,5353.0,5353.0,117,,0
1745843506.247455,192.168.1.12,224.0.0.251,UDP,5353.0,5353.0,117,,0
1745843506.258799,17.242.13.5,192.168.1.12,TCP,5223.0,61456.0,66,A,0
1745843506.259257,17.242.13.5,192.168.1.12,TCP,5223.0,61456.0,66,A,0
1745843507.247749,192.168.1.12,224.0.0.251,UDP,5353.0,5353.0,117,,0
1745843507.250196,192.168.1.12,224.0.0.251,UDP,5353.0,5353.0,117,,0
1745843510.254955,192.168.1.12,224.0.0.251,UDP,5353.0,5353.0,117,,0
1745843510.257397,192.168.1.12,224.0.0.251,UDP,5353.0,5353.0,117,,0
1745843519.272504,192.168.1.12,224.0.0.251,UDP,5353.0,5353.0,117,,0
1745843519.274166,192.168.1.12,224.0.0.251,UDP,5353.0,5353.0,117,,0
1745843519.654757,192.168.1.5,224.0.0.251,2,,,46,,0
1745843520.399532,192.168.1.5,224.0.0.251,UDP,5353.0,5353.0,152,,0
1745843523.075835,192.168.1.12,17.137.162.3,TCP,61534.0,443.0,78,S,0
1745843523.3207848,17.137.162.3,192.168.1.12,TCP,443.0,61534.0,74,SA,0
1745843523.323523,192.168.1.12,17.137.162.3,TCP,61534.0,443.0,66,A,0
1745843523.324391,192.168.1.12,17.137.162.3,TCP,61534.0,443.0,583,PA,0
1745843523.571615,17.137.162.3,192.168.1.12,TCP,443.0,61534.0,66,A,0
1745843523.572177,17.137.162.3,192.168.1.12,TCP,443.0,61534.0,1506,A,0
1745843523.572507,17.137.162.3,192.168.1.12,TCP,443.0,61534.0,1506,A,0
1745843523.572799,17.137.162.3,192.168.1.12,TCP,443.0,61534.0,1282,PA,0
1745843523.573175,17.137.162.3,192.168.1.12,TCP,443.0,61534.0,1506,A,0
1745843523.573571,17.137.162.3,192.168.1.12,TCP,443.0,61534.0,920,PA,0
1745843523.57393,192.168.1.12,17.137.162.3,TCP,61534.0,443.0,66,A,0
1745843523.825119,192.168.1.12,17.137.162.3,TCP,61534.0,443.0,159,PA,0
1745843524.041327,17.137.162.3,192.168.1.12,TCP,443.0,61534.0,117,PA,0
1745843524.046016,192.168.1.12,17.137.162.3,TCP,61534.0,443.0,66,A,0
1745843524.047779,192.168.1.12,17.137.162.3,TCP,61534.0,443.0,497,PA,0
1745843524.058503,192.168.1.12,17.137.162.3,TCP,61534.0,443.0,1474,A,0
1745843524.058874,192.168.1.12,17.137.162.3,TCP,61534.0,443.0,422,PA,0
1745843524.059145,192.168.1.12,17.137.162.3,TCP,61535.0,443.0,78,S,0
1745843524.300493,17.137.162.3,192.168.1.12,TCP,443.0,61534.0,66,A,0
1745843524.30113,17.137.162.3,192.168.1.12,TCP,443.0,61535.0,74,SA,0
1745843524.3026502,192.168.1.12,17.137.162.3,TCP,61535.0,443.0,66,A,0
1745843524.3031,192.168.1.12,17.137.162.3,TCP,61535.0,443.0,583,PA,0
1745843524.307271,17.137.162.3,192.168.1.12,TCP,443.0,61534.0,1506,A,0
1745843524.307609,17.137.162.3,192.168.1.12,TCP,443.0,61534.0,1293,PA,0
1745843524.3095748,192.168.1.12,17.137.162.3,TCP,61534.0,443.0,66,A,0
1745843524.5455291,17.137.162.3,192.168.1.12,TCP,443.0,61535.0,66,A,0
1745843524.571517,17.137.162.3,192.168.1.12,TCP,443.0,61535.0,1506,A,0
1745843524.571908,17.137.162.3,192.168.1.12,TCP,443.0,61535.0,1506,A,0
1745843524.573088,17.137.162.3,192.168.1.12,TCP,443.0,61535.0,1282,PA,0
1745843524.573448,17.137.162.3,192.168.1.12,TCP,443.0,61535.0,1506,A,0
1745843524.573749,17.137.162.3,192.168.1.12,TCP,443.0,61535.0,920,PA,0
1745843524.574027,192.168.1.12,17.137.162.3,TCP,61535.0,443.0,66,A,0
1745843524.9271832,192.168.1.12,17.156.129.37,TCP,61536.0,443.0,78,S,0
1745843524.945101,192.168.1.12,17.137.162.3,TCP,61535.0,443.0,159,PA,0
1745843525.188477,17.137.162.3,192.168.1.12,TCP,443.0,61535.0,117,PA,0
1745843525.189449,192.168.1.12,17.137.162.3,TCP,61535.0,443.0,66,A,0
1745843525.19023,192.168.1.12,17.137.162.3,TCP,61535.0,443.0,497,PA,0
1745843525.190593,192.168.1.12,17.137.162.3,TCP,61535.0,443.0,1474,A,0
1745843525.1909351,192.168.1.12,17.137.162.3,TCP,61535.0,443.0,422,PA,0
1745843525.207604,17.156.129.37,192.168.1.12,TCP,443.0,61536.0,74,SA,0
1745843525.207973,192.168.1.12,17.156.129.37,TCP,61536.0,443.0,66,A,0
1745843525.2083972,192.168.1.12,17.156.129.37,TCP,61536.0,443.0,583,PA,0
1745843525.43454,17.137.162.3,192.168.1.12,TCP,443.0,61535.0,66,A,0
1745843525.445068,17.137.162.3,192.168.1.12,TCP,443.0,61535.0,1506,A,0
1745843525.445697,17.137.162.3,192.168.1.12,TCP,443.0,61535.0,1292,PA,0
1745843525.446196,192.168.1.12,17.137.162.3,TCP,61535.0,443.0,66,A,0
1745843525.717682,17.156.129.37,192.168.1.12,TCP,443.0,61536.0,1506,A,0
1745843525.718318,17.156.129.37,192.168.1.12,TCP,443.0,61536.0,1506,A,0
1745843525.71886,17.156.129.37,192.168.1.12,TCP,443.0,61536.0,1282,PA,0
1745843525.719955,192.168.1.12,17.156.129.37,TCP,61536.0,443.0,66,A,0
1745843525.720383,17.156.129.37,192.168.1.12,TCP,443.0,61536.0,1506,A,0
1745843525.720822,17.156.129.37,192.168.1.12,TCP,443.0,61536.0,1506,A,0
1745843525.7215412,17.156.129.37,192.168.1.12,TCP,443.0,61536.0,1143,PA,0
1745843525.721888,192.168.1.12,17.156.129.37,TCP,61536.0,443.0,66,A,0
1745843525.7303529,192.168.1.12,17.156.129.37,TCP,61536.0,443.0,159,PA,0
1745843526.01372,17.156.129.37,192.168.1.12,TCP,443.0,61536.0,66,A,0
1745843526.041738,17.156.129.37,192.168.1.12,TCP,443.0,61536.0,117,PA,0
1745843526.042485,192.168.1.12,17.156.129.37,TCP,61536.0,443.0,66,A,0
1745843526.0433412,192.168.1.12,17.156.129.37,TCP,61536.0,443.0,718,PA,0
1745843526.364174,17.156.129.37,192.168.1.12,TCP,443.0,61536.0,66,A,0
1745843526.4177768,17.156.129.37,192.168.1.12,TCP,443.0,61536.0,1506,A,0
1745843526.418373,17.156.129.37,192.168.1.12,TCP,443.0,61536.0,1506,A,0
1745843526.418888,17.156.129.37,192.168.1.12,TCP,443.0,61536.0,1506,A,0
1745843526.419494,17.156.129.37,192.168.1.12,TCP,443.0,61536.0,1506,A,0
1745843526.419957,17.156.129.37,192.168.1.12,TCP,443.0,61536.0,667,PA,0
1745843526.420349,192.168.1.12,17.156.129.37,TCP,61536.0,443.0,66,A,0
1745843526.424018,192.168.1.12,17.156.129.37,TCP,61536.0,443.0,97,PA,0
1745843526.424736,192.168.1.12,17.156.129.37,TCP,61536.0,443.0,66,FA,0
1745843526.704133,17.156.129.37,192.168.1.12,TCP,443.0,61536.0,66,A,0
1745843526.721985,17.156.129.37,192.168.1.12,TCP,443.0,61536.0,66,FA,0
1745843526.722424,192.168.1.12,17.156.129.37,TCP,61536.0,443.0,66,A,0
1745843527.7217731,192.168.1.12,140.82.114.25,TCP,52337.0,443.0,54,A,0
1745843527.9913118,140.82.114.25,192.168.1.12,TCP,443.0,52337.0,66,A,0
1745843528.589702,192.168.1.12,35.154.111.35,TCP,61537.0,443.0,78,S,0
1745843528.617286,35.154.111.35,192.168.1.12,TCP,443.0,61537.0,74,SA,0
1745843528.6237178,192.168.1.12,35.154.111.35,TCP,61537.0,443.0,66,A,0
1745843528.624578,192.168.1.12,35.154.111.35,TCP,61537.0,443.0,583,PA,0
1745843528.6523,35.154.111.35,192.168.1.12,TCP,443.0,61537.0,66,A,0
1745843528.653208,35.154.111.35,192.168.1.12,TCP,443.0,61537.0,1506,A,0
1745843528.653726,35.154.111.35,192.168.1.12,TCP,443.0,61537.0,1506,PA,0
1745843528.654119,35.154.111.35,192.168.1.12,TCP,443.0,61537.0,196,PA,0
1745843528.65448,192.168.1.12,35.154.111.35,TCP,61537.0,443.0,66,A,0
1745843528.734277,192.168.1.12,35.154.111.35,TCP,61537.0,443.0,130,PA,0
1745843528.736619,192.168.1.12,35.154.111.35,TCP,61537.0,443.0,406,PA,0
1745843528.73899,192.168.1.12,35.154.111.35,TCP,61537.0,443.0,1203,PA,0
1745843528.762153,35.154.111.35,192.168.1.12,TCP,443.0,61537.0,66,A,0
1745843528.762626,35.154.111.35,192.168.1.12,TCP,443.0,61537.0,66,A,0
1745843528.763102,35.154.111.35,192.168.1.12,TCP,443.0,61537.0,111,PA,0
1745843528.763468,192.168.1.12,35.154.111.35,TCP,61537.0,443.0,66,A,0
1745843528.766089,35.154.111.35,192.168.1.12,TCP,443.0,61537.0,66,A,0
1745843528.7698529,35.154.111.35,192.168.1.12,TCP,443.0,61537.0,635,PA,0
1745843528.770305,35.154.111.35,192.168.1.12,TCP,443.0,61537.0,770,PA,0
1745843528.7708118,192.168.1.12,35.154.111.35,TCP,61537.0,443.0,66,A,0
1745843528.778217,192.168.1.12,35.154.111.35,TCP,61537.0,443.0,230,PA,0
1745843528.80527,35.154.111.35,192.168.1.12,TCP,443.0,61537.0,66,A,0
1745843528.960159,192.168.1.12,35.154.111.35,TCP,61537.0,443.0,256,PA,0
1745843528.985337,35.154.111.35,192.168.1.12,TCP,443.0,61537.0,66,A,0
1745843528.986371,35.154.111.35,192.168.1.12,TCP,443.0,61537.0,355,PA,0
1745843528.986864,192.168.1.12,35.154.111.35,TCP,61537.0,443.0,66,A,0
1745843529.140361,192.168.1.12,35.154.111.35,TCP,61537.0,443.0,216,PA,0
1745843529.145578,192.168.1.12,35.154.111.35,TCP,61537.0,443.0,168,PA,0
1745843529.1709702,35.154.111.35,192.168.1.12,TCP,443.0,61537.0,255,PA,0
1745843529.171437,192.168.1.12,35.154.111.35,TCP,61537.0,443.0,66,A,0
1745843529.214057,35.154.111.35,192.168.1.12,TCP,443.0,61537.0,66,A,0
1745843529.383308,0.0.0.0,224.0.0.1,2,,,46,,0
1745843530.4346938,192.168.1.12,224.0.0.251,2,,,46,,0
1745843531.192572,192.168.1.12,142.250.82.215,UDP,54888.0,3478.0,162,,0
1745843531.21027,142.250.82.215,192.168.1.12,UDP,3478.0,54888.0,106,,0
1745843534.484493,192.168.1.12,35.154.111.35,TCP,61537.0,443.0,134,PA,0
1745843534.511114,35.154.111.35,192.168.1.12,TCP,443.0,61537.0,66,A,0
1745843534.554069,192.168.1.12,17.137.162.3,TCP,61538.0,443.0,78,S,0
1745843534.8026528,17.137.162.3,192.168.1.12,TCP,443.0,61538.0,74,SA,0
1745843534.80382,192.168.1.12,17.137.162.3,TCP,61538.0,443.0,66,A,0
1745843534.804659,192.168.1.12,17.137.162.3,TCP,61538.0,443.0,583,PA,0
1745843535.054744,17.137.162.3,192.168.1.12,TCP,443.0,61538.0,66,A,0
1745843535.055627,17.137.162.3,192.168.1.12,TCP,443.0,61538.0,1506,A,0
1745843535.056382,17.137.162.3,192.168.1.12,TCP,443.0,61538.0,1506,A,0
1745843535.056892,17.137.162.3,192.168.1.12,TCP,443.0,61538.0,1282,PA,0
1745843535.057288,17.137.162.3,192.168.1.12,TCP,443.0,61538.0,1506,A,0
1745843535.057682,17.137.162.3,192.168.1.12,TCP,443.0,61538.0,920,PA,0
1745843535.058031,192.168.1.12,17.137.162.3,TCP,61538.0,443.0,66,A,0
1745843535.069438,192.168.1.12,17.137.162.3,TCP,61538.0,443.0,159,PA,0
1745843535.318027,17.137.162.3,192.168.1.12,TCP,443.0,61538.0,117,PA,0
1745843535.319243,192.168.1.12,17.137.162.3,TCP,61538.0,443.0,66,A,0
1745843535.321017,192.168.1.12,17.137.162.3,TCP,61538.0,443.0,518,PA,0
1745843535.321826,192.168.1.12,17.137.162.3,TCP,61538.0,443.0,1474,A,0
1745843535.322635,192.168.1.12,17.137.162.3,TCP,61538.0,443.0,706,PA,0
1745843535.3234491,192.168.1.12,17.137.162.3,TCP,61538.0,443.0,165,PA,0
1745843535.571148,17.137.162.3,192.168.1.12,TCP,443.0,61538.0,66,A,0
1745843535.571899,17.137.162.3,192.168.1.12,TCP,443.0,61538.0,78,A,0
1745843535.5723908,17.137.162.3,192.168.1.12,TCP,443.0,61538.0,66,A,0
1745843535.572874,192.168.1.12,17.137.162.3,TCP,61538.0,443.0,706,A,0
1745843535.585328,17.137.162.3,192.168.1.12,TCP,443.0,61538.0,1506,A,0
1745843535.586154,17.137.162.3,192.168.1.12,TCP,443.0,61538.0,1403,PA,0
1745843535.589538,192.168.1.12,17.137.162.3,TCP,61538.0,443.0,66,A,0
1745843535.8193269,17.137.162.3,192.168.1.12,TCP,443.0,61538.0,66,A,0
1745843536.671777,192.168.1.12,17.137.162.3,TCP,61539.0,443.0,78,S,0
1745843536.9174452,17.137.162.3,192.168.1.12,TCP,443.0,61539.0,74,SA,0
1745843536.918488,192.168.1.12,17.137.162.3,TCP,61539.0,443.0,66,A,0
1745843536.9190269,192.168.1.12,17.137.162.3,TCP,61539.0,443.0,583,PA,0
1745843537.162706,17.137.162.3,192.168.1.12,TCP,443.0,61539.0,66,A,0
1745843537.1653252,17.137.162.3,192.168.1.12,TCP,443.0,61539.0,1506,A,0
1745843537.166133,17.137.162.3,192.168.1.12,TCP,443.0,61539.0,1506,A,0
1745843537.166879,17.137.162.3,192.168.1.12,TCP,443.0,61539.0,1282,PA,0
1745843537.167559,192.168.1.12,17.137.162.3,TCP,61539.0,443.0,66,A,0
1745843537.16825,17.137.162.3,192.168.1.12,TCP,443.0,61539.0,1506,A,0
1745843537.168651,17.137.162.3,192.168.1.12,TCP,443.0,61539.0,920,PA,0
1745843537.1690629,192.168.1.12,17.137.162.3,TCP,61539.0,443.0,66,A,0
1745843537.181373,192.168.1.12,17.137.162.3,TCP,61539.0,443.0,159,PA,0
1745843537.4389088,17.137.162.3,192.168.1.12,TCP,443.0,61539.0,117,PA,0
1745843537.440305,192.168.1.12,17.137.162.3,TCP,61539.0,443.0,66,A,0
1745843537.4415202,192.168.1.12,17.137.162.3,TCP,61539.0,443.0,660,PA,0
1745843537.441974,192.168.1.12,17.137.162.3,TCP,61539.0,443.0,1474,A,0
1745843537.44268,192.168.1.12,17.137.162.3,TCP,61539.0,443.0,706,PA,0
1745843537.4430668,192.168.1.12,17.137.162.3,TCP,61539.0,443.0,380,PA,0
1745843537.6881542,17.137.162.3,192.168.1.12,TCP,443.0,61539.0,66,A,0
1745843537.728669,17.137.162.3,192.168.1.12,TCP,443.0,61539.0,66,A,0
1745843537.74105,17.137.162.3,192.168.1.12,TCP,443.0,61539.0,1069,PA,0
1745843537.741657,192.168.1.12,17.137.162.3,TCP,61539.0,443.0,66,A,0
1745843540.327413,192.168.1.5,224.0.0.251,UDP,5353.0,5353.0,152,,0
1745843542.447307,140.82.114.25,192.168.1.12,TCP,443.0,52337.0,92,PA,0
1745843542.4485362,192.168.1.12,140.82.114.25,TCP,52337.0,443.0,66,A,0
1745843542.449524,192.168.1.12,140.82.114.25,TCP,52337.0,443.0,96,PA,0
1745843542.721143,140.82.114.25,192.168.1.12,TCP,443.0,52337.0,66,A,0
1745843546.328324,192.168.1.12,224.0.0.251,UDP,5353.0,5353.0,117,,0
1745843546.332513,192.168.1.12,224.0.0.251,UDP,5353.0,5353.0,117,,0
1745843551.1544871,192.168.1.12,35.154.111.35,TCP,61537.0,443.0,1506,A,0
1745843551.155424,192.168.1.12,35.154.111.35,TCP,61537.0,443.0,674,PA,0
1745843551.155814,192.168.1.12,35.154.111.35,TCP,61537.0,443.0,510,PA,0
1745843551.15618,192.168.1.12,35.154.111.35,TCP,61537.0,443.0,99,PA,0
1745843551.185173,35.154.111.35,192.168.1.12,TCP,443.0,61537.0,66,A,0
1745843551.185825,35.154.111.35,192.168.1.12,TCP,443.0,61537.0,66,A,0
1745843551.1864371,35.154.111.35,192.168.1.12,TCP,443.0,61537.0,66,A,0
1745843551.1871848,35.154.111.35,192.168.1.12,TCP,443.0,61537.0,99,PA,0
1745843551.187858,192.168.1.12,35.154.111.35,TCP,61537.0,443.0,66,A,0
1745843554.306113,17.137.162.3,192.168.1.12,TCP,443.0,61534.0,97,PA,0
1745843554.306815,17.137.162.3,192.168.1.12,TCP,443.0,61534.0,66,FA,0
1745843554.307416,192.168.1.12,17.137.162.3,TCP,61534.0,443.0,66,A,0
1745843554.323626,192.168.1.12,17.137.162.3,TCP,61534.0,443.0,97,PA,0
1745843554.324378,192.168.1.12,17.137.162.3,TCP,61534.0,443.0,66,FA,0
1745843554.566816,17.137.162.3,192.168.1.12,TCP,443.0,61534.0,54,R,0
1745843554.569618,17.137.162.3,192.168.1.12,TCP,443.0,61534.0,54,R,0
1745843555.448819,17.137.162.3,192.168.1.12,TCP,443.0,61535.0,97,PA,0
1745843555.449211,17.137.162.3,192.168.1.12,TCP,443.0,61535.0,66,FA,0
1745843555.4495811,192.168.1.12,17.137.162.3,TCP,61535.0,443.0,66,A,0
1745843555.449978,192.168.1.12,17.137.162.3,TCP,61535.0,443.0,97,PA,0
1745843555.450315,192.168.1.12,17.137.162.3,TCP,61535.0,443.0,66,FA,0
1745843555.69226,17.137.162.3,192.168.1.12,TCP,443.0,61535.0,54,R,0
1745843555.695435,17.137.162.3,192.168.1.12,TCP,443.0,61535.0,54,R,0
1745843556.429366,192.168.1.12,142.250.82.215,UDP,54888.0,3478.0,162,,0
1745843556.449771,142.250.82.215,192.168.1.12,UDP,3478.0,54888.0,106,,0
1745843560.371187,192.168.1.5,224.0.0.251,UDP,5353.0,5353.0,152,,0
1745843565.5846558,17.137.162.3,192.168.1.12,TCP,443.0,61538.0,97,PA,0
1745843565.5853682,17.137.162.3,192.168.1.12,TCP,443.0,61538.0,66,FA,0
1745843565.585919,192.168.1.12,17.137.162.3,TCP,61538.0,443.0,66,A,0
1745843565.586317,192.168.1.12,17.137.162.3,TCP,61538.0,443.0,97,PA,0
1745843565.586626,192.168.1.12,17.137.162.3,TCP,61538.0,443.0,66,FA,0
1745843565.836127,17.137.162.3,192.168.1.12,TCP,443.0,61538.0,54,R,0
1745843565.836842,17.137.162.3,192.168.1.12,TCP,443.0,61538.0,54,R,0
1745843565.837452,17.137.162.3,192.168.1.12,TCP,443.0,61538.0,54,R,0
1745843567.740499,17.137.162.3,192.168.1.12,TCP,443.0,61539.0,97,PA,0
1745843567.7412128,17.137.162.3,192.168.1.12,TCP,443.0,61539.0,66,FA,0
1745843567.741888,192.168.1.12,17.137.162.3,TCP,61539.0,443.0,66,A,0
1745843567.742652,192.168.1.12,17.137.162.3,TCP,61539.0,443.0,97,PA,0
1745843567.743169,192.168.1.12,17.137.162.3,TCP,61539.0,443.0,66,FA,0
1745843567.98645,17.137.162.3,192.168.1.12,TCP,443.0,61539.0,54,R,0
1745843567.987185,17.137.162.3,192.168.1.12,TCP,443.0,61539.0,54,R,0
1745843567.987801,17.137.162.3,192.168.1.12,TCP,443.0,61539.0,54,R,0
1745843570.138996,0.0.0.0,255.255.255.255,UDP,68.0,67.0,336,,0
1745843570.7030048,192.168.1.7,224.0.0.251,UDP,5353.0,5353.0,184,,0
1745843570.955143,192.168.1.7,224.0.0.251,UDP,5353.0,5353.0,184,,0
1745843571.2051442,192.168.1.7,224.0.0.251,UDP,5353.0,5353.0,184,,0
1745843571.457974,192.168.1.7,224.0.0.251,UDP,5353.0,5353.0,447,,0
1745843572.457289,192.168.1.7,224.0.0.251,UDP,5353.0,5353.0,447,,0
1745843574.4586968,192.168.1.7,224.0.0.251,UDP,5353.0,5353.0,447,,0
1745843574.987316,192.168.1.7,224.0.0.251,UDP,5353.0,5353.0,82,,0
1745843575.152156,192.168.1.7,224.0.0.251,UDP,5353.0,5353.0,82,,0
1745843575.291589,192.168.1.7,224.0.0.251,UDP,5353.0,5353.0,415,,0
1745843575.542964,192.168.1.7,224.0.0.251,UDP,5353.0,5353.0,415,,0
1745843575.793574,192.168.1.7,224.0.0.251,UDP,5353.0,5353.0,415,,0
1745843576.3474472,192.168.1.5,224.0.0.251,UDP,5353.0,5353.0,82,,0
1745843576.355768,192.168.1.5,224.0.0.251,UDP,5353.0,5353.0,136,,0
1745843576.357538,192.168.1.5,224.0.0.251,UDP,5353.0,5353.0,152,,0
1745843576.387156,192.168.1.5,224.0.0.251,2,,,46,,0
1745843577.356289,192.168.1.5,224.0.0.251,UDP,5353.0,5353.0,152,,0
1745843577.360662,192.168.1.7,224.0.0.251,UDP,5353.0,5353.0,417,,0
1745843577.929495,192.168.1.7,224.0.0.251,UDP,5353.0,5353.0,417,,0
1745843578.397782,192.168.1.5,224.0.0.251,UDP,5353.0,5353.0,152,,0
1745843578.402551,192.168.1.7,224.0.0.251,UDP,5353.0,5353.0,417,,0
1745843578.4966888,192.168.1.7,224.0.0.251,UDP,5353.0,5353.0,447,,0
1745843578.9299572,192.168.1.7,224.0.0.251,UDP,5353.0,5353.0,417,,0
1745843579.15429,192.168.1.7,224.0.0.251,UDP,5353.0,5353.0,82,,0
1745843579.156317,192.168.1.7,224.0.0.251,UDP,5353.0,5353.0,417,,0
1745843579.435101,192.168.1.5,224.0.0.251,UDP,5353.0,5353.0,152,,0
1745843579.4894,192.168.1.7,224.0.0.251,UDP,5353.0,5353.0,417,,0
1745843581.6615412,192.168.1.12,142.250.82.215,UDP,54888.0,3478.0,162,,0
1745843581.6846669,142.250.82.215,192.168.1.12,UDP,3478.0,54888.0,106,,0
1745843582.631283,192.168.1.5,224.0.0.251,2,,,46,,0
1745843583.1524549,192.168.1.7,224.0.0.251,UDP,5353.0,5353.0,417,,0
1745843584.155668,192.168.1.7,224.0.0.251,UDP,5353.0,5353.0,417,,0
1745843586.499258,192.168.1.7,224.0.0.251,UDP,5353.0,5353.0,447,,0
1745843587.1554508,192.168.1.7,224.0.0.251,UDP,5353.0,5353.0,82,,0
1745843587.162098,192.168.1.7,224.0.0.251,UDP,5353.0,5353.0,417,,0
1745843587.722982,192.168.1.12,140.82.114.25,TCP,52337.0,443.0,54,A,0
1745843588.001777,140.82.114.25,192.168.1.12,TCP,443.0,52337.0,66,A,0
1745843593.644547,192.168.1.12,35.154.111.35,TCP,61537.0,443.0,90,PA,0
1745843593.645076,192.168.1.12,35.154.111.35,TCP,61537.0,443.0,66,FA,0
1745843593.6731122,35.154.111.35,192.168.1.12,TCP,443.0,61537.0,66,A,0
1745843593.67401,35.154.111.35,192.168.1.12,TCP,443.0,61537.0,94,PA,0
1745843593.67447,35.154.111.35,192.168.1.12,TCP,443.0,61537.0,90,FPA,0
1745843593.674779,192.168.1.12,35.154.111.35,TCP,61537.0,443.0,54,R,0
1745843593.675096,192.168.1.12,35.154.111.35,TCP,61537.0,443.0,54,R,0
1745843599.4125838,192.168.1.5,224.0.0.251,UDP,5353.0,5353.0,152,,0
1745843599.415172,192.168.1.7,224.0.0.251,UDP,5353.0,5353.0,417,,0
1745843599.418164,192.168.1.7,224.0.0.251,UDP,5353.0,5353.0,432,,0
1745843602.4477,140.82.114.25,192.168.1.12,TCP,443.0,52337.0,92,PA,0
1745843602.448631,192.168.1.12,140.82.114.25,TCP,52337.0,443.0,66,A,0
1745843602.4491892,192.168.1.12,140.82.114.25,TCP,52337.0,443.0,96,PA,0
1745843602.503426,192.168.1.7,224.0.0.251,UDP,5353.0,5353.0,447,,0
1745843602.7191858,140.82.114.25,192.168.1.12,TCP,443.0,52337.0,66,A,0
1745843603.159416,192.168.1.7,224.0.0.251,UDP,5353.0,5353.0,82,,0
1745843603.162615,192.168.1.7,224.0.0.251,UDP,5353.0,5353.0,417,,0
1745843606.897057,192.168.1.12,142.250.82.215,UDP,54888.0,3478.0,162,,0
1745843606.913391,142.250.82.215,192.168.1.12,UDP,3478.0,54888.0,106,,0
1745843621.385539,192.168.1.12,13.89.179.8,TCP,52531.0,443.0,78,S,0
1745843621.63749,13.89.179.8,192.168.1.12,TCP,443.0,52531.0,74,SA,0
1745843621.637665,192.168.1.12,13.89.179.8,TCP,52531.0,443.0,66,A,0
1745843621.638141,192.168.1.12,13.89.179.8,TCP,52531.0,443.0,1494,A,0
1745843621.638339,192.168.1.12,13.89.179.8,TCP,52531.0,443.0,507,PA,0
1745843621.892346,13.89.179.8,192.168.1.12,TCP,443.0,52531.0,66,A,0
1745843621.893282,13.89.179.8,192.168.1.12,TCP,443.0,52531.0,165,PA,0
1745843621.893968,192.168.1.12,13.89.179.8,TCP,52531.0,443.0,66,A,0
1745843621.894811,192.168.1.12,13.89.179.8,TCP,52531.0,443.0,781,PA,0
1745843622.151595,13.89.179.8,192.168.1.12,TCP,443.0,52531.0,1506,A,0
1745843622.151896,13.89.179.8,192.168.1.12,TCP,443.0,52531.0,1506,A,0
1745843622.1521542,13.89.179.8,192.168.1.12,TCP,443.0,52531.0,1506,A,0
1745843622.1524029,13.89.179.8,192.168.1.12,TCP,443.0,52531.0,1506,A,0
1745843622.152693,13.89.179.8,192.168.1.12,TCP,443.0,52531.0,712,PA,0
1745843622.152927,192.168.1.12,13.89.179.8,TCP,52531.0,443.0,66,A,0
1745843622.153119,192.168.1.12,13.89.179.8,TCP,52531.0,443.0,66,A,0
1745843622.169067,192.168.1.12,13.89.179.8,TCP,52531.0,443.0,140,PA,0
1745843622.169305,192.168.1.12,13.89.179.8,TCP,52531.0,443.0,158,PA,0
1745843622.1695218,192.168.1.12,13.89.179.8,TCP,52531.0,443.0,560,PA,0
1745843622.169738,192.168.1.12,13.89.179.8,TCP,52531.0,443.0,1494,A,0
1745843622.16992,192.168.1.12,13.89.179.8,TCP,52531.0,443.0,1494,A,0
1745843622.170099,192.168.1.12,13.89.179.8,TCP,52531.0,443.0,1494,A,0
1745843622.1702762,192.168.1.12,13.89.179.8,TCP,52531.0,443.0,1494,A,0
1745843622.1704488,192.168.1.12,13.89.179.8,TCP,52531.0,443.0,1494,A,0
1745843622.170617,192.168.1.12,13.89.179.8,TCP,52531.0,443.0,1494,A,0
1745843622.170788,192.168.1.12,13.89.179.8,TCP,52531.0,443.0,308,PA,0
1745843622.421619,13.89.179.8,192.168.1.12,TCP,443.0,52531.0,169,PA,0
1745843622.422515,13.89.179.8,192.168.1.12,TCP,443.0,52531.0,128,PA,0
1745843622.424853,192.168.1.12,13.89.179.8,TCP,52531.0,443.0,66,A,0
1745843622.425246,192.168.1.12,13.89.179.8,TCP,52531.0,443.0,97,PA,0
1745843622.4255822,13.89.179.8,192.168.1.12,TCP,443.0,52531.0,66,A,0
1745843622.425817,13.89.179.8,192.168.1.12,TCP,443.0,52531.0,66,A,0
1745843622.426377,13.89.179.8,192.168.1.12,TCP,443.0,52531.0,66,A,0
1745843622.426678,13.89.179.8,192.168.1.12,TCP,443.0,52531.0,97,PA,0
1745843622.426901,13.89.179.8,192.168.1.12,TCP,443.0,52531.0,66,A,0
1745843622.427118,13.89.179.8,192.168.1.12,TCP,443.0,52531.0,66,A,0
1745843622.427336,192.168.1.12,13.89.179.8,TCP,52531.0,443.0,66,A,0
1745843622.674481,13.89.179.8,192.168.1.12,TCP,443.0,52531.0,66,A,0
1745843622.675374,13.89.179.8,192.168.1.12,TCP,443.0,52531.0,347,PA,0
1745843622.675801,192.168.1.12,13.89.179.8,TCP,52531.0,443.0,66,A,0
1745843623.939062,192.168.1.12,13.89.179.8,TCP,52531.0,443.0,66,FA,0
1745843624.191544,13.89.179.8,192.168.1.12,TCP,443.0,52531.0,66,FA,0
1745843624.192006,192.168.1.12,13.89.179.8,TCP,52531.0,443.0,66,A,0
1745843626.450498,192.168.1.12,17.242.13.5,TCP,61456.0,5223.0,1506,A,0
1745843626.451263,192.168.1.12,17.242.13.5,TCP,61456.0,5223.0,674,PA,0
1745843626.4518652,192.168.1.12,17.242.13.5,TCP,61456.0,5223.0,1506,A,0
1745843626.4524171,192.168.1.12,17.242.13.5,TCP,61456.0,5223.0,227,PA,0
1745843626.490487,17.242.13.5,192.168.1.12,TCP,5223.0,61456.0,66,A,0
1745843626.493516,17.242.13.5,192.168.1.12,TCP,5223.0,61456.0,66,A,0
1745843627.489425,192.168.1.12,224.0.0.251,UDP,5353.0,5353.0,117,,0
1745843627.491725,192.168.1.12,224.0.0.251,UDP,5353.0,5353.0,117,,0
1745843632.131852,192.168.1.12,142.250.82.215,UDP,54888.0,3478.0,162,,0
1745843632.1475751,142.250.82.215,192.168.1.12,UDP,3478.0,54888.0,106,,0
1745843634.5075068,192.168.1.7,224.0.0.251,UDP,5353.0,5353.0,447,,0
1745843635.17012,192.168.1.7,224.0.0.251,UDP,5353.0,5353.0,82,,0
1745843635.183192,192.168.1.7,224.0.0.251,UDP,5353.0,5353.0,417,,0
1745843641.0003378,192.168.1.5,224.0.0.251,2,,,46,,0
1745843647.720533,192.168.1.12,140.82.114.25,TCP,52337.0,443.0,54,A,0
1745843647.992021,140.82.114.25,192.168.1.12,TCP,443.0,52337.0,66,A,0
1745843654.8240142,0.0.0.0,224.0.0.1,2,,,46,,0
1745843657.3653738,192.168.1.12,142.250.82.215,UDP,54888.0,3478.0,162,,0
1745843657.3829088,142.250.82.215,192.168.1.12,UDP,3478.0,54888.0,106,,0
1745843658.8174322,192.168.1.7,224.0.0.251,2,,,46,,0
1745843662.4473732,140.82.114.25,192.168.1.12,TCP,443.0,52337.0,92,PA,0
1745843662.447737,192.168.1.12,140.82.114.25,TCP,52337.0,443.0,66,A,0
1745843662.448086,192.168.1.12,140.82.114.25,TCP,52337.0,443.0,96,PA,0
1745843662.7186282,140.82.114.25,192.168.1.12,TCP,443.0,52337.0,66,A,0
1745843682.601042,192.168.1.12,142.250.82.215,UDP,54888.0,3478.0,162,,0
1745843682.616746,142.250.82.215,192.168.1.12,UDP,3478.0,54888.0,106,,0
1745843690.018446,192.168.1.12,20.44.10.122,TCP,52532.0,443.0,78,S,0
1745843690.271765,192.168.1.12,20.44.10.122,TCP,52533.0,443.0,78,S,0
1745843690.278261,20.44.10.122,192.168.1.12,TCP,443.0,52532.0,74,SA,0
1745843690.278465,192.168.1.12,20.44.10.122,TCP,52532.0,443.0,66,A,0
1745843690.278751,192.168.1.12,20.44.10.122,TCP,52532.0,443.0,1494,A,0
1745843690.278974,192.168.1.12,20.44.10.122,TCP,52532.0,443.0,507,PA,0
1745843690.5207849,20.44.10.122,192.168.1.12,TCP,443.0,52533.0,74,SA,0
1745843690.521641,192.168.1.12,20.44.10.122,TCP,52533.0,443.0,66,A,0
1745843690.523424,192.168.1.12,20.44.10.122,TCP,52533.0,443.0,1494,A,0
1745843690.524214,192.168.1.12,20.44.10.122,TCP,52533.0,443.0,539,PA,0
1745843690.541247,20.44.10.122,192.168.1.12,TCP,443.0,52532.0,78,A,0
1745843690.541652,20.44.10.122,192.168.1.12,TCP,443.0,52532.0,66,A,0
1745843690.54227,192.168.1.12,20.44.10.122,TCP,52532.0,443.0,1494,A,0
1745843690.543179,20.44.10.122,192.168.1.12,TCP,443.0,52532.0,165,PA,0
1745843690.543503,192.168.1.12,20.44.10.122,TCP,52532.0,443.0,66,A,0
1745843690.543901,192.168.1.12,20.44.10.122,TCP,52532.0,443.0,781,PA,0
1745843690.768684,20.44.10.122,192.168.1.12,TCP,443.0,52533.0,66,A,0
1745843690.771898,20.44.10.122,192.168.1.12,TCP,443.0,52533.0,165,PA,0
1745843690.772096,192.168.1.12,20.44.10.122,TCP,52533.0,443.0,66,A,0
1745843690.772684,192.168.1.12,20.44.10.122,TCP,52533.0,443.0,813,PA,0
1745843690.8001149,20.44.10.122,192.168.1.12,TCP,443.0,52532.0,78,A,0
1745843690.8070312,20.44.10.122,192.168.1.12,TCP,443.0,52532.0,1506,A,0
1745843690.807296,20.44.10.122,192.168.1.12,TCP,443.0,52532.0,1506,A,0
1745843690.807575,20.44.10.122,192.168.1.12,TCP,443.0,52532.0,1506,A,0
1745843690.8078148,20.44.10.122,192.168.1.12,TCP,443.0,52532.0,1506,A,0
1745843690.80806,20.44.10.122,192.168.1.12,TCP,443.0,52532.0,712,PA,0
1745843690.808277,192.168.1.12,20.44.10.122,TCP,52532.0,443.0,66,A,0
1745843690.808471,192.168.1.12,20.44.10.122,TCP,52532.0,443.0,66,A,0
1745843690.808724,192.168.1.12,20.44.10.122,TCP,52532.0,443.0,140,PA,0
1745843690.808992,192.168.1.12,20.44.10.122,TCP,52532.0,443.0,158,PA,0
1745843690.809233,192.168.1.12,20.44.10.122,TCP,52532.0,443.0,560,PA,0
1745843690.809469,192.168.1.12,20.44.10.122,TCP,52532.0,443.0,1494,A,0
1745843690.8096929,192.168.1.12,20.44.10.122,TCP,52532.0,443.0,853,PA,0
1745843691.0349162,20.44.10.122,192.168.1.12,TCP,443.0,52533.0,1506,A,0
1745843691.0356889,20.44.10.122,192.168.1.12,TCP,443.0,52533.0,1506,A,0
1745843691.036088,20.44.10.122,192.168.1.12,TCP,443.0,52533.0,1506,A,0
1745843691.03645,20.44.10.122,192.168.1.12,TCP,443.0,52533.0,1506,A,0
1745843691.036818,20.44.10.122,192.168.1.12,TCP,443.0,52533.0,712,PA,0
1745843691.037225,192.168.1.12,20.44.10.122,TCP,52533.0,443.0,66,A,0
1745843691.037549,192.168.1.12,20.44.10.122,TCP,52533.0,443.0,66,A,0
1745843691.038478,192.168.1.12,20.44.10.122,TCP,52533.0,443.0,140,PA,0
1745843691.072372,20.44.10.122,192.168.1.12,TCP,443.0,52532.0,66,A,0
1745843691.072628,20.44.10.122,192.168.1.12,TCP,443.0,52532.0,66,A,0
1745843691.0729,20.44.10.122,192.168.1.12,TCP,443.0,52532.0,169,PA,0
1745843691.073157,20.44.10.122,192.168.1.12,TCP,443.0,52532.0,128,PA,0
1745843691.073382,192.168.1.12,20.44.10.122,TCP,52532.0,443.0,66,A,0
1745843691.073618,192.168.1.12,20.44.10.122,TCP,52532.0,443.0,97,PA,0
1745843691.30096,20.44.10.122,192.168.1.12,TCP,443.0,52533.0,169,PA,0
1745843691.301279,192.168.1.12,20.44.10.122,TCP,52533.0,443.0,66,A,0
1745843691.309532,20.44.10.122,192.168.1.12,TCP,443.0,52533.0,128,PA,0
1745843691.309794,192.168.1.12,20.44.10.122,TCP,52533.0,443.0,66,A,0
1745843691.331928,20.44.10.122,192.168.1.12,TCP,443.0,52532.0,378,PA,0
1745843691.3322911,192.168.1.12,20.44.10.122,TCP,52532.0,443.0,66,A,0
1745843691.470574,20.44.10.122,192.168.1.12,TCP,443.0,52532.0,66,A,0
1745843693.951665,192.168.1.12,20.44.10.122,TCP,52533.0,443.0,66,FA,0
1745843693.951998,192.168.1.12,20.44.10.122,TCP,52532.0,443.0,66,FA,0
1745843694.2108748,20.44.10.122,192.168.1.12,TCP,443.0,52533.0,54,RA,0
1745843694.261874,20.44.10.122,192.168.1.12,TCP,443.0,52532.0,66,FA,0
1745843694.263038,192.168.1.12,20.44.10.122,TCP,52532.0,443.0,66,A,0
1745843698.567258,192.168.1.7,224.0.0.251,UDP,5353.0,5353.0,447,,0
1745843699.1685572,192.168.1.7,224.0.0.251,UDP,5353.0,5353.0,82,,0
1745843699.171086,192.168.1.7,224.0.0.251,UDP,5353.0,5353.0,417,,0
1745843699.775247,192.168.1.12,20.44.10.122,TCP,52534.0,443.0,78,S,0
1745843699.837237,192.168.1.12,104.208.16.90,TCP,52535.0,443.0,78,S,0
1745843700.024176,20.44.10.122,192.168.1.12,TCP,443.0,52534.0,74,SA,0
1745843700.024426,192.168.1.12,20.44.10.122,TCP,52534.0,443.0,66,A,0
1745843700.024705,192.168.1.12,20.44.10.122,TCP,52534.0,443.0,1494,A,0
1745843700.025126,192.168.1.12,20.44.10.122,TCP,52534.0,443.0,507,PA,0
1745843700.102313,104.208.16.90,192.168.1.12,TCP,443.0,52535.0,74,SA,0
1745843700.102792,192.168.1.12,104.208.16.90,TCP,52535.0,443.0,66,A,0
1745843700.1031208,192.168.1.12,104.208.16.90,TCP,52535.0,443.0,583,PA,0
1745843700.276916,20.44.10.122,192.168.1.12,TCP,443.0,52534.0,66,A,0
1745843700.285745,20.44.10.122,192.168.1.12,TCP,443.0,52534.0,165,PA,0
1745843700.286332,192.168.1.12,20.44.10.122,TCP,52534.0,443.0,66,A,0
1745843700.28757,192.168.1.12,20.44.10.122,TCP,52534.0,443.0,781,PA,0
1745843700.37581,104.208.16.90,192.168.1.12,TCP,443.0,52535.0,165,PA,0
1745843700.376108,192.168.1.12,104.208.16.90,TCP,52535.0,443.0,66,A,0
1745843700.378367,192.168.1.12,104.208.16.90,TCP,52535.0,443.0,503,PA,0
1745843700.57182,20.44.10.122,192.168.1.12,TCP,443.0,52534.0,1506,A,0
1745843700.572184,20.44.10.122,192.168.1.12,TCP,443.0,52534.0,1506,A,0
1745843700.572494,20.44.10.122,192.168.1.12,TCP,443.0,52534.0,1506,A,0
1745843700.572792,20.44.10.122,192.168.1.12,TCP,443.0,52534.0,1506,A,0
1745843700.5731132,20.44.10.122,192.168.1.12,TCP,443.0,52534.0,712,PA,0
1745843700.574029,192.168.1.12,20.44.10.122,TCP,52534.0,443.0,66,A,0
1745843700.57428,192.168.1.12,20.44.10.122,TCP,52534.0,443.0,66,A,0
1745843700.574878,192.168.1.12,20.44.10.122,TCP,52534.0,443.0,140,PA,0
1745843700.575178,192.168.1.12,20.44.10.122,TCP,52534.0,443.0,158,PA,0
1745843700.575503,192.168.1.12,20.44.10.122,TCP,52534.0,443.0,560,PA,0
1745843700.575792,192.168.1.12,20.44.10.122,TCP,52534.0,443.0,1494,A,0
1745843700.5760891,192.168.1.12,20.44.10.122,TCP,52534.0,443.0,826,PA,0
1745843700.6598232,104.208.16.90,192.168.1.12,TCP,443.0,52535.0,1506,A,0
1745843700.6601658,104.208.16.90,192.168.1.12,TCP,443.0,52535.0,1506,A,0
1745843700.660428,104.208.16.90,192.168.1.12,TCP,443.0,52535.0,1506,A,0
1745843700.660683,104.208.16.90,192.168.1.12,TCP,443.0,52535.0,277,PA,0
1745843700.660912,192.168.1.12,104.208.16.90,TCP,52535.0,443.0,66,A,0
1745843700.661109,192.168.1.12,104.208.16.90,TCP,52535.0,443.0,66,A,0
1745843700.6637352,192.168.1.12,104.208.16.90,TCP,52535.0,443.0,1494,A,0
1745843700.664036,192.168.1.12,104.208.16.90,TCP,52535.0,443.0,1494,A,0
1745843700.66429,192.168.1.12,104.208.16.90,TCP,52535.0,443.0,1494,A,0
1745843700.664533,192.168.1.12,104.208.16.90,TCP,52535.0,443.0,1494,A,0
1745843700.664789,192.168.1.12,104.208.16.90,TCP,52535.0,443.0,1494,A,0
1745843700.665032,192.168.1.12,104.208.16.90,TCP,52535.0,443.0,1494,A,0
1745843700.6652749,192.168.1.12,104.208.16.90,TCP,52535.0,443.0,1494,A,0
1745843700.665524,192.168.1.12,104.208.16.90,TCP,52535.0,443.0,1494,A,0
1745843700.66578,192.168.1.12,104.208.16.90,TCP,52535.0,443.0,1160,PA,0
1745843700.824718,20.44.10.122,192.168.1.12,TCP,443.0,52534.0,66,A,0
1745843700.825398,20.44.10.122,192.168.1.12,TCP,443.0,52534.0,66,A,0
1745843700.830904,20.44.10.122,192.168.1.12,TCP,443.0,52534.0,169,PA,0
1745843700.8316648,192.168.1.12,20.44.10.122,TCP,52534.0,443.0,66,A,0
1745843700.833823,20.44.10.122,192.168.1.12,TCP,443.0,52534.0,128,PA,0
1745843700.834503,192.168.1.12,20.44.10.122,TCP,52534.0,443.0,66,A,0
1745843700.835367,192.168.1.12,20.44.10.122,TCP,52534.0,443.0,97,PA,0
1745843700.9314408,104.208.16.90,192.168.1.12,TCP,443.0,52535.0,66,A,0
1745843700.932536,104.208.16.90,192.168.1.12,TCP,443.0,52535.0,66,A,0
1745843700.933303,104.208.16.90,192.168.1.12,TCP,443.0,52535.0,169,PA,0
1745843700.933655,192.168.1.12,104.208.16.90,TCP,52535.0,443.0,66,A,0
1745843700.9339762,104.208.16.90,192.168.1.12,TCP,443.0,52535.0,66,A,0
1745843701.080825,20.44.10.122,192.168.1.12,TCP,443.0,52534.0,97,PA,0
1745843701.0817778,192.168.1.12,20.44.10.122,TCP,52534.0,443.0,66,A,0
1745843701.10753,104.208.16.90,192.168.1.12,TCP,443.0,52535.0,531,FPA,0
1745843701.10814,192.168.1.12,104.208.16.90,TCP,52535.0,443.0,66,A,0
1745843701.110096,192.168.1.12,104.208.16.90,TCP,52535.0,443.0,90,PA,0
1745843701.110456,192.168.1.12,104.208.16.90,TCP,52535.0,443.0,66,FA,0
1745843701.2731478,20.44.10.122,192.168.1.12,TCP,443.0,52534.0,66,A,0
1745843701.332736,20.44.10.122,192.168.1.12,TCP,443.0,52534.0,347,PA,0
1745843701.3351429,192.168.1.12,20.44.10.122,TCP,52534.0,443.0,66,A,0
1745843701.376401,104.208.16.90,192.168.1.12,TCP,443.0,52535.0,66,A,0
1745843703.955656,192.168.1.12,20.44.10.122,TCP,52534.0,443.0,66,FA,0
1745843704.2093928,20.44.10.122,192.168.1.12,TCP,443.0,52534.0,66,FA,0
1745843704.209971,192.168.1.12,20.44.10.122,TCP,52534.0,443.0,66,A,0
1745843707.720764,192.168.1.12,140.82.114.25,TCP,52337.0,443.0,54,A,0
1745843707.837545,192.168.1.12,142.250.82.215,UDP,54888.0,3478.0,162,,0
1745843707.853271,142.250.82.215,192.168.1.12,UDP,3478.0,54888.0,106,,0
1745843707.992955,140.82.114.25,192.168.1.12,TCP,443.0,52337.0,66,A,0
1745843709.204947,192.168.1.5,224.0.0.251,UDP,5353.0,5353.0,152,,0
1745843709.303326,192.168.1.5,224.0.0.251,2,,,46,,0
1745843710.2149062,192.168.1.5,224.0.0.251,UDP,5353.0,5353.0,152,,0
1745843710.2215538,192.168.1.7,224.0.0.251,UDP,5353.0,5353.0,417,,0
1745843710.22743,192.168.1.7,224.0.0.251,UDP,5353.0,5353.0,432,,0
1745843710.849471,192.168.1.12,185.40.232.169,TCP,52536.0,443.0,78,S,0
1745843711.0096908,185.40.232.169,192.168.1.12,TCP,443.0,52536.0,74,SA,0
1745843711.010373,192.168.1.12,185.40.232.169,TCP,52536.0,443.0,66,A,0
1745843711.0119889,192.168.1.12,185.40.232.169,TCP,52536.0,443.0,1506,A,0
1745843711.0126,192.168.1.12,185.40.232.169,TCP,52536.0,443.0,424,PA,0
1745843711.1734242,185.40.232.169,192.168.1.12,TCP,443.0,52536.0,78,A,0
1745843711.174188,185.40.232.169,192.168.1.12,TCP,443.0,52536.0,66,A,0
1745843711.174803,192.168.1.12,185.40.232.169,TCP,52536.0,443.0,1506,A,0
1745843711.1766222,185.40.232.169,192.168.1.12,TCP,443.0,52536.0,1506,A,0
1745843711.177019,185.40.232.169,192.168.1.12,TCP,443.0,52536.0,1506,PA,0
1745843711.1775548,185.40.232.169,192.168.1.12,TCP,443.0,52536.0,1282,PA,0
1745843711.178095,185.40.232.169,192.168.1.12,TCP,443.0,52536.0,73,PA,0
1745843711.178497,192.168.1.12,185.40.232.169,TCP,52536.0,443.0,66,A,0
1745843711.182046,192.168.1.12,185.40.232.169,TCP,52536.0,443.0,146,PA,0
1745843711.182501,192.168.1.12,185.40.232.169,TCP,52536.0,443.0,709,PA,0
1745843711.2771058,192.168.1.5,224.0.0.251,UDP,5353.0,5353.0,152,,0
1745843711.333281,192.168.1.7,224.0.0.251,UDP,5353.0,5353.0,417,,0
1745843711.334995,192.168.1.7,224.0.0.251,UDP,5353.0,5353.0,432,,0
1745843711.335389,185.40.232.169,192.168.1.12,TCP,443.0,52536.0,78,A,0
1745843711.3434088,185.40.232.169,192.168.1.12,TCP,443.0,52536.0,66,A,0
1745843711.3437178,185.40.232.169,192.168.1.12,TCP,443.0,52536.0,66,A,0
1745843711.344136,185.40.232.169,192.168.1.12,TCP,443.0,52536.0,401,PA,0
1745843711.344665,185.40.232.169,192.168.1.12,TCP,443.0,52536.0,401,PA,0
1745843711.34507,185.40.232.169,192.168.1.12,TCP,443.0,52536.0,1128,PA,0
1745843711.345383,192.168.1.12,185.40.232.169,TCP,52536.0,443.0,66,A,0
1745843712.342564,185.40.232.169,192.168.1.12,TCP,443.0,52536.0,90,PA,0
1745843712.343444,185.40.232.169,192.168.1.12,TCP,443.0,52536.0,66,FA,0
1745843712.3439538,192.168.1.12,185.40.232.169,TCP,52536.0,443.0,66,A,0
1745843712.344297,192.168.1.12,185.40.232.169,TCP,52536.0,443.0,66,A,0
1745843712.8882308,192.168.1.5,224.0.0.251,2,,,46,,0
1745843714.2675982,192.168.1.12,185.40.232.169,TCP,52536.0,443.0,54,RA,0
1745843716.560263,192.168.1.12,34.36.73.246,TCP,52537.0,443.0,78,S,0
1745843716.571031,34.36.73.246,192.168.1.12,TCP,443.0,52537.0,74,SA,0
1745843716.571296,192.168.1.12,34.36.73.246,TCP,52537.0,443.0,66,A,0
1745843716.571701,192.168.1.12,34.36.73.246,TCP,52537.0,443.0,1466,A,0
1745843716.572171,192.168.1.12,34.36.73.246,TCP,52537.0,443.0,546,PA,0
1745843716.5909078,34.36.73.246,192.168.1.12,TCP,443.0,52537.0,78,A,0
1745843716.591525,34.36.73.246,192.168.1.12,TCP,443.0,52537.0,66,A,0
1745843716.592456,192.168.1.12,34.36.73.246,TCP,52537.0,443.0,1466,A,0
1745843716.6097548,34.36.73.246,192.168.1.12,TCP,443.0,52537.0,78,A,0
1745843716.8726678,34.36.73.246,192.168.1.12,TCP,443.0,52537.0,1466,A,0
1745843716.873176,34.36.73.246,192.168.1.12,TCP,443.0,52537.0,1466,PA,0
1745843716.873594,34.36.73.246,192.168.1.12,TCP,443.0,52537.0,82,PA,0
1745843716.873972,34.36.73.246,192.168.1.12,TCP,443.0,52537.0,1428,PA,0
1745843716.874351,192.168.1.12,34.36.73.246,TCP,52537.0,443.0,66,A,0
1745843716.8746848,192.168.1.12,34.36.73.246,TCP,52537.0,443.0,66,A,0
1745843716.875078,192.168.1.12,34.36.73.246,TCP,52537.0,443.0,159,PA,0
1745843716.889695,34.36.73.246,192.168.1.12,TCP,443.0,52537.0,66,A,0
1745843717.038348,34.36.73.246,192.168.1.12,TCP,443.0,52537.0,253,PA,0
1745843717.0388968,192.168.1.12,34.36.73.246,TCP,52537.0,443.0,66,A,0
1745843717.039358,192.168.1.12,34.36.73.246,TCP,52537.0,443.0,692,PA,0
1745843717.058197,34.36.73.246,192.168.1.12,TCP,443.0,52537.0,66,A,0
1745843717.2039008,34.36.73.246,192.168.1.12,TCP,443.0,52537.0,479,PA,0
1745843717.205531,192.168.1.12,34.36.73.246,TCP,52537.0,443.0,66,A,0
1745843719.268546,192.168.1.12,34.36.73.246,TCP,52537.0,443.0,66,FA,0
1745843719.289751,34.36.73.246,192.168.1.12,TCP,443.0,52537.0,66,A,0
1745843719.432503,34.36.73.246,192.168.1.12,TCP,443.0,52537.0,97,PA,0
1745843719.4332302,34.36.73.246,192.168.1.12,TCP,443.0,52537.0,66,FA,0
1745843719.433908,192.168.1.12,34.36.73.246,TCP,52537.0,443.0,54,R,0
1745843719.434539,192.168.1.12,34.36.73.246,TCP,52537.0,443.0,54,R,0
1745843722.450667,140.82.114.25,192.168.1.12,TCP,443.0,52337.0,92,PA,0
1745843722.4514802,192.168.1.12,140.82.114.25,TCP,52337.0,443.0,66,A,0
1745843722.452009,192.168.1.12,140.82.114.25,TCP,52337.0,443.0,96,PA,0
1745843722.723691,140.82.114.25,192.168.1.12,TCP,443.0,52337.0,66,A,0
1745843733.073339,192.168.1.12,142.250.82.215,UDP,54888.0,3478.0,162,,0
1745843733.0915232,142.250.82.215,192.168.1.12,UDP,3478.0,54888.0,106,,0
1745843747.274122,192.168.1.12,20.44.10.122,TCP,52539.0,443.0,78,S,0
1745843747.5254111,20.44.10.122,192.168.1.12,TCP,443.0,52539.0,74,SA,0
1745843747.525959,192.168.1.12,20.44.10.122,TCP,52539.0,443.0,66,A,0
1745843747.5268512,192.168.1.12,20.44.10.122,TCP,52539.0,443.0,1494,A,0
1745843747.5272992,192.168.1.12,20.44.10.122,TCP,52539.0,443.0,571,PA,0
1745843747.77686,20.44.10.122,192.168.1.12,TCP,443.0,52539.0,66,A,0
1745843747.7777128,20.44.10.122,192.168.1.12,TCP,443.0,52539.0,165,PA,0
1745843747.777875,192.168.1.12,20.44.10.122,TCP,52539.0,443.0,66,A,0
1745843747.778473,192.168.1.12,20.44.10.122,TCP,52539.0,443.0,845,PA,0
1745843748.039003,20.44.10.122,192.168.1.12,TCP,443.0,52539.0,1506,A,0
1745843748.039818,20.44.10.122,192.168.1.12,TCP,443.0,52539.0,1506,A,0
1745843748.040162,20.44.10.122,192.168.1.12,TCP,443.0,52539.0,1506,A,0
1745843748.040418,20.44.10.122,192.168.1.12,TCP,443.0,52539.0,1506,A,0
1745843748.04068,20.44.10.122,192.168.1.12,TCP,443.0,52539.0,712,PA,0
1745843748.04096,192.168.1.12,20.44.10.122,TCP,52539.0,443.0,66,A,0
1745843748.041164,192.168.1.12,20.44.10.122,TCP,52539.0,443.0,66,A,0
1745843748.041423,192.168.1.12,20.44.10.122,TCP,52539.0,443.0,140,PA,0
1745843748.041672,192.168.1.12,20.44.10.122,TCP,52539.0,443.0,158,PA,0
1745843748.041913,192.168.1.12,20.44.10.122,TCP,52539.0,443.0,560,PA,0
1745843748.042153,192.168.1.12,20.44.10.122,TCP,52539.0,443.0,1494,A,0
1745843748.042403,192.168.1.12,20.44.10.122,TCP,52539.0,443.0,853,PA,0
1745843748.297927,20.44.10.122,192.168.1.12,TCP,443.0,52539.0,169,PA,0
1745843748.298281,20.44.10.122,192.168.1.12,TCP,443.0,52539.0,128,PA,0
1745843748.298529,20.44.10.122,192.168.1.12,TCP,443.0,52539.0,66,A,0
1745843748.298765,20.44.10.122,192.168.1.12,TCP,443.0,52539.0,66,A,0
1745843748.298997,20.44.10.122,192.168.1.12,TCP,443.0,52539.0,66,A,0
1745843748.2992551,192.168.1.12,20.44.10.122,TCP,52539.0,443.0,66,A,0
1745843748.299541,192.168.1.12,20.44.10.122,TCP,52539.0,443.0,97,PA,0
1745843748.548418,20.44.10.122,192.168.1.12,TCP,443.0,52539.0,377,PA,0
1745843748.548747,192.168.1.12,20.44.10.122,TCP,52539.0,443.0,66,A,0
1745843748.591095,20.44.10.122,192.168.1.12,TCP,443.0,52539.0,66,A,0
1745843748.966406,192.168.1.12,20.44.10.122,TCP,52539.0,443.0,66,FA,0
1745843749.218406,20.44.10.122,192.168.1.12,TCP,443.0,52539.0,66,FA,0
1745843749.2191591,192.168.1.12,20.44.10.122,TCP,52539.0,443.0,66,A,0
1745843758.3059351,192.168.1.12,142.250.82.215,UDP,54888.0,3478.0,162,,0
1745843758.3231528,142.250.82.215,192.168.1.12,UDP,3478.0,54888.0,106,,0
1745843767.72527,192.168.1.12,140.82.114.25,TCP,52337.0,443.0,54,A,0
1745843767.996346,140.82.114.25,192.168.1.12,TCP,443.0,52337.0,66,A,0
1745843773.102856,0.0.0.0,255.255.255.255,UDP,68.0,67.0,344,,0
1745843773.2046568,0.0.0.0,255.255.255.255,UDP,68.0,67.0,354,,0
1745843773.613274,192.168.1.5,224.0.0.251,2,,,46,,0
1745843774.412374,192.168.1.5,224.0.0.251,UDP,5353.0,5353.0,136,,0
1745843774.43202,192.168.1.5,224.0.0.251,2,,,46,,0
1745843775.303496,192.168.1.5,224.0.0.251,UDP,5353.0,5353.0,152,,0
1745843775.306889,192.168.1.7,224.0.0.251,UDP,5353.0,5353.0,417,,0
1745843775.308478,192.168.1.7,224.0.0.251,UDP,5353.0,5353.0,432,,0
1745843776.840673,192.168.1.5,224.0.0.251,UDP,5353.0,5353.0,152,,0
1745843776.893718,192.168.1.7,224.0.0.251,UDP,5353.0,5353.0,417,,0
1745843776.8953788,192.168.1.7,224.0.0.251,UDP,5353.0,5353.0,432,,0
1745843780.268788,0.0.0.0,224.0.0.1,2,,,46,,0
1745843782.5032902,140.82.114.25,192.168.1.12,TCP,443.0,52337.0,92,PA,0
1745843782.5040698,192.168.1.12,140.82.114.25,TCP,52337.0,443.0,66,A,0
1745843782.504562,192.168.1.12,140.82.114.25,TCP,52337.0,443.0,96,PA,0
1745843782.774963,140.82.114.25,192.168.1.12,TCP,443.0,52337.0,66,A,0
1745843783.542006,192.168.1.12,142.250.82.215,UDP,54888.0,3478.0,162,,0
1745843783.545713,192.168.1.5,224.0.0.251,2,,,46,,0
1745843783.561769,142.250.82.215,192.168.1.12,UDP,3478.0,54888.0,106,,0
1745843796.309306,192.168.1.5,224.0.0.251,UDP,5353.0,5353.0,152,,0
1745843796.327306,192.168.1.7,224.0.0.251,UDP,5353.0,5353.0,417,,0
1745843796.328869,192.168.1.7,224.0.0.251,UDP,5353.0,5353.0,432,,0
1745843808.774395,192.168.1.12,142.250.82.215,UDP,54888.0,3478.0,162,,0
1745843808.792554,142.250.82.215,192.168.1.12,UDP,3478.0,54888.0,106,,0
1745843827.1818838,192.168.1.7,224.0.0.251,UDP,5353.0,5353.0,82,,0
1745843827.1855,192.168.1.7,224.0.0.251,UDP,5353.0,5353.0,417,,0
1745843827.777767,192.168.1.12,140.82.114.25,TCP,52337.0,443.0,54,A,0
1745843828.050783,140.82.114.25,192.168.1.12,TCP,443.0,52337.0,66,A,0
1745843834.01002,192.168.1.12,142.250.82.215,UDP,54888.0,3478.0,162,,0
1745843834.026862,142.250.82.215,192.168.1.12,UDP,3478.0,54888.0,106,,0
1745843842.454764,140.82.114.25,192.168.1.12,TCP,443.0,52337.0,92,PA,0
1745843842.45525,192.168.1.12,140.82.114.25,TCP,52337.0,443.0,66,A,0
1745843842.45568,192.168.1.12,140.82.114.25,TCP,52337.0,443.0,96,PA,0
1745843842.7246962,140.82.114.25,192.168.1.12,TCP,443.0,52337.0,66,A,0
1745843843.5967538,192.168.1.12,13.89.178.27,TCP,52540.0,443.0,78,S,0
1745843843.849046,13.89.178.27,192.168.1.12,TCP,443.0,52540.0,74,SA,0
1745843843.849264,192.168.1.12,13.89.178.27,TCP,52540.0,443.0,66,A,0
1745843843.849538,192.168.1.12,13.89.178.27,TCP,52540.0,443.0,1494,A,0
1745843843.849758,192.168.1.12,13.89.178.27,TCP,52540.0,443.0,507,PA,0
1745843844.1059358,13.89.178.27,192.168.1.12,TCP,443.0,52540.0,66,A,0
1745843844.110026,13.89.178.27,192.168.1.12,TCP,443.0,52540.0,165,PA,0
1745843844.110711,192.168.1.12,13.89.178.27,TCP,52540.0,443.0,66,A,0
1745843844.111711,192.168.1.12,13.89.178.27,TCP,52540.0,443.0,781,PA,0
1745843844.381928,13.89.178.27,192.168.1.12,TCP,443.0,52540.0,1506,A,0
1745843844.3822389,13.89.178.27,192.168.1.12,TCP,443.0,52540.0,1506,A,0
1745843844.382499,13.89.178.27,192.168.1.12,TCP,443.0,52540.0,1506,A,0
1745843844.382741,13.89.178.27,192.168.1.12,TCP,443.0,52540.0,1506,A,0
1745843844.382954,13.89.178.27,192.168.1.12,TCP,443.0,52540.0,712,PA,0
1745843844.383153,192.168.1.12,13.89.178.27,TCP,52540.0,443.0,66,A,0
1745843844.383329,192.168.1.12,13.89.178.27,TCP,52540.0,443.0,66,A,0
1745843844.383722,192.168.1.12,13.89.178.27,TCP,52540.0,443.0,140,PA,0
1745843844.384038,192.168.1.12,13.89.178.27,TCP,52540.0,443.0,158,PA,0
1745843844.3842618,192.168.1.12,13.89.178.27,TCP,52540.0,443.0,560,PA,0
1745843844.384472,192.168.1.12,13.89.178.27,TCP,52540.0,443.0,1494,A,0
1745843844.384686,192.168.1.12,13.89.178.27,TCP,52540.0,443.0,854,PA,0
1745843844.6346931,13.89.178.27,192.168.1.12,TCP,443.0,52540.0,66,A,0
1745843844.635909,13.89.178.27,192.168.1.12,TCP,443.0,52540.0,169,PA,0
1745843844.636535,192.168.1.12,13.89.178.27,TCP,52540.0,443.0,66,A,0
1745843844.636964,13.89.178.27,192.168.1.12,TCP,443.0,52540.0,128,PA,0
1745843844.637695,192.168.1.12,13.89.178.27,TCP,52540.0,443.0,66,A,0
1745843844.638129,192.168.1.12,13.89.178.27,TCP,52540.0,443.0,97,PA,0
1745843844.638452,13.89.178.27,192.168.1.12,TCP,443.0,52540.0,66,A,0
1745843844.638772,13.89.178.27,192.168.1.12,TCP,443.0,52540.0,66,A,0
1745843844.884497,13.89.178.27,192.168.1.12,TCP,443.0,52540.0,378,PA,0
1745843844.885482,192.168.1.12,13.89.178.27,TCP,52540.0,443.0,66,A,0
1745843844.956686,13.89.178.27,192.168.1.12,TCP,443.0,52540.0,66,A,0
1745843848.984688,192.168.1.12,13.89.178.27,TCP,52540.0,443.0,66,FA,0
1745843849.246125,13.89.178.27,192.168.1.12,TCP,443.0,52540.0,66,FA,0
1745843849.24632,192.168.1.12,13.89.178.27,TCP,52540.0,443.0,66,A,0
1745843859.244612,192.168.1.12,142.250.82.215,UDP,54888.0,3478.0,162,,0
1745843859.338749,142.250.82.215,192.168.1.12,UDP,3478.0,54888.0,106,,0
1745843870.982833,192.168.1.12,224.0.0.251,UDP,5353.0,5353.0,117,,0
1745843870.986239,192.168.1.12,224.0.0.251,UDP,5353.0,5353.0,117,,0
1745843884.477536,192.168.1.12,142.250.82.215,UDP,54888.0,3478.0,162,,0
1745843884.50019,142.250.82.215,192.168.1.12,UDP,3478.0,54888.0,106,,0
1745843887.725667,192.168.1.12,140.82.114.25,TCP,52337.0,443.0,54,A,0
1745843887.999465,140.82.114.25,192.168.1.12,TCP,443.0,52337.0,66,A,0
1745843894.103056,192.168.1.12,44.208.241.4,TCP,52541.0,443.0,78,S,0
1745843894.349192,44.208.241.4,192.168.1.12,TCP,443.0,52541.0,74,SA,0
1745843894.349594,192.168.1.12,44.208.241.4,TCP,52541.0,443.0,66,A,0
1745843894.349972,192.168.1.12,44.208.241.4,TCP,52541.0,443.0,1506,A,0
1745843894.350322,192.168.1.12,44.208.241.4,TCP,52541.0,443.0,540,PA,0
1745843894.5993018,44.208.241.4,192.168.1.12,TCP,443.0,52541.0,66,A,0
1745843894.600008,44.208.241.4,192.168.1.12,TCP,443.0,52541.0,66,A,0
1745843894.600954,44.208.241.4,192.168.1.12,TCP,443.0,52541.0,1506,A,0
1745843894.60148,44.208.241.4,192.168.1.12,TCP,443.0,52541.0,1506,A,0
1745843894.601847,44.208.241.4,192.168.1.12,TCP,443.0,52541.0,1506,A,0
1745843894.602201,44.208.241.4,192.168.1.12,TCP,443.0,52541.0,97,PA,0
1745843894.602577,192.168.1.12,44.208.241.4,TCP,52541.0,443.0,66,A,0
1745843894.60287,192.168.1.12,44.208.241.4,TCP,52541.0,443.0,66,A,0
1745843894.603241,192.168.1.12,44.208.241.4,TCP,52541.0,443.0,130,PA,0
1745843894.603585,192.168.1.12,44.208.241.4,TCP,52541.0,443.0,158,PA,0
1745843894.603939,192.168.1.12,44.208.241.4,TCP,52541.0,443.0,1506,A,0
1745843894.604293,192.168.1.12,44.208.241.4,TCP,52541.0,443.0,368,PA,0
1745843894.847746,44.208.241.4,192.168.1.12,TCP,443.0,52541.0,66,A,0
1745843894.848289,44.208.241.4,192.168.1.12,TCP,443.0,52541.0,245,PA,0
1745843894.848872,44.208.241.4,192.168.1.12,TCP,443.0,52541.0,128,PA,0
1745843894.849372,192.168.1.12,44.208.241.4,TCP,52541.0,443.0,66,A,0
1745843894.849893,192.168.1.12,44.208.241.4,TCP,52541.0,443.0,97,PA,0
1745843894.850513,44.208.241.4,192.168.1.12,TCP,443.0,52541.0,66,A,0
1745843894.852127,44.208.241.4,192.168.1.12,TCP,443.0,52541.0,97,PA,0
1745843894.85257,192.168.1.12,44.208.241.4,TCP,52541.0,443.0,66,A,0
1745843894.858351,44.208.241.4,192.168.1.12,TCP,443.0,52541.0,412,PA,0
1745843894.85967,192.168.1.12,44.208.241.4,TCP,52541.0,443.0,66,A,0
1745843895.136791,44.208.241.4,192.168.1.12,TCP,443.0,52541.0,66,A,0
1745843899.305015,192.168.1.12,44.208.241.4,TCP,52541.0,443.0,66,FA,0
1745843899.552326,44.208.241.4,192.168.1.12,TCP,443.0,52541.0,90,PA,0
1745843899.5529,44.208.241.4,192.168.1.12,TCP,443.0,52541.0,66,FA,0
1745843899.5534878,192.168.1.12,44.208.241.4,TCP,52541.0,443.0,54,R,0
1745843899.553889,192.168.1.12,44.208.241.4,TCP,52541.0,443.0,54,R,0
1745843902.461322,140.82.114.25,192.168.1.12,TCP,443.0,52337.0,92,PA,0
1745843902.461737,192.168.1.12,140.82.114.25,TCP,52337.0,443.0,66,A,0
1745843902.462295,192.168.1.12,140.82.114.25,TCP,52337.0,443.0,96,PA,0
1745843902.7331169,140.82.114.25,192.168.1.12,TCP,443.0,52337.0,66,A,0
1745843905.710855,0.0.0.0,224.0.0.1,2,,,46,,0
1745843909.3973582,192.168.1.7,224.0.0.251,2,,,46,,0
1745843909.713516,192.168.1.12,142.250.82.215,UDP,54888.0,3478.0,162,,0
1745843909.731235,142.250.82.215,192.168.1.12,UDP,3478.0,54888.0,106,,0
1745843918.02608,192.168.1.12,20.42.73.28,TCP,52542.0,443.0,78,S,0
1745843918.24929,20.42.73.28,192.168.1.12,TCP,443.0,52542.0,74,SA,0
1745843918.2494552,192.168.1.12,20.42.73.28,TCP,52542.0,443.0,66,A,0
1745843918.249654,192.168.1.12,20.42.73.28,TCP,52542.0,443.0,1494,A,0
1745843918.24982,192.168.1.12,20.42.73.28,TCP,52542.0,443.0,539,PA,0
1745843918.478039,20.42.73.28,192.168.1.12,TCP,443.0,52542.0,66,A,0
1745843918.4782898,20.42.73.28,192.168.1.12,TCP,443.0,52542.0,165,PA,0
1745843918.478477,192.168.1.12,20.42.73.28,TCP,52542.0,443.0,66,A,0
1745843918.47904,192.168.1.12,20.42.73.28,TCP,52542.0,443.0,813,PA,0
1745843918.712211,20.42.73.28,192.168.1.12,TCP,443.0,52542.0,1506,A,0
1745843918.713239,20.42.73.28,192.168.1.12,TCP,443.0,52542.0,1506,A,0
1745843918.71391,20.42.73.28,192.168.1.12,TCP,443.0,52542.0,1506,A,0
1745843918.714318,20.42.73.28,192.168.1.12,TCP,443.0,52542.0,1506,A,0
1745843918.714734,20.42.73.28,192.168.1.12,TCP,443.0,52542.0,716,PA,0
1745843918.7151349,192.168.1.12,20.42.73.28,TCP,52542.0,443.0,66,A,0
1745843918.715464,192.168.1.12,20.42.73.28,TCP,52542.0,443.0,66,A,0
1745843918.715876,192.168.1.12,20.42.73.28,TCP,52542.0,443.0,140,PA,0
1745843918.7162712,192.168.1.12,20.42.73.28,TCP,52542.0,443.0,158,PA,0
1745843918.716685,192.168.1.12,20.42.73.28,TCP,52542.0,443.0,560,PA,0
1745843918.717105,192.168.1.12,20.42.73.28,TCP,52542.0,443.0,1494,A,0
1745843918.717558,192.168.1.12,20.42.73.28,TCP,52542.0,443.0,854,PA,0
1745843918.94097,20.42.73.28,192.168.1.12,TCP,443.0,52542.0,66,A,0
1745843918.941298,20.42.73.28,192.168.1.12,TCP,443.0,52542.0,169,PA,0
1745843918.9415302,20.42.73.28,192.168.1.12,TCP,443.0,52542.0,128,PA,0
1745843918.941717,192.168.1.12,20.42.73.28,TCP,52542.0,443.0,66,A,0
1745843918.941918,192.168.1.12,20.42.73.28,TCP,52542.0,443.0,97,PA,0
1745843918.944486,20.42.73.28,192.168.1.12,TCP,443.0,52542.0,97,PA,0
1745843918.94469,192.168.1.12,20.42.73.28,TCP,52542.0,443.0,66,A,0
1745843919.173614,20.42.73.28,192.168.1.12,TCP,443.0,52542.0,347,PA,0
1745843919.1740842,192.168.1.12,20.42.73.28,TCP,52542.0,443.0,66,A,0
1745843919.241643,20.42.73.28,192.168.1.12,TCP,443.0,52542.0,66,A,0
1745843923.782552,192.168.1.7,224.0.0.251,UDP,5353.0,5353.0,102,,0
1745843923.7837398,192.168.1.7,224.0.0.251,UDP,5353.0,5353.0,112,,0
1745843923.90308,192.168.1.7,224.0.0.251,UDP,5353.0,5353.0,127,,0
1745843923.905097,192.168.1.7,224.0.0.251,UDP,5353.0,5353.0,194,,0
1745843924.002652,192.168.1.12,20.42.73.28,TCP,52542.0,443.0,66,FA,0
1745843924.23658,20.42.73.28,192.168.1.12,TCP,443.0,52542.0,66,FA,0
1745843924.237322,192.168.1.12,20.42.73.28,TCP,52542.0,443.0,66,A,0
1745843925.10682,192.168.1.7,224.0.0.251,UDP,5353.0,5353.0,82,,0
1745843925.109761,192.168.1.7,224.0.0.251,UDP,5353.0,5353.0,417,,0
1745843934.947256,192.168.1.12,142.250.82.215,UDP,54888.0,3478.0,162,,0
1745843934.967082,142.250.82.215,192.168.1.12,UDP,3478.0,54888.0,106,,0
1745843947.7339,192.168.1.12,140.82.114.25,TCP,52337.0,443.0,54,A,0
1745843948.007186,140.82.114.25,192.168.1.12,TCP,443.0,52337.0,66,A,0
1745843960.186125,192.168.1.12,142.250.82.215,UDP,54888.0,3478.0,162,,0
1745843960.202999,142.250.82.215,192.168.1.12,UDP,3478.0,54888.0,106,,0
1745843962.453672,140.82.114.25,192.168.1.12,TCP,443.0,52337.0,92,PA,0
1745843962.4545238,192.168.1.12,140.82.114.25,TCP,52337.0,443.0,66,A,0
1745843962.454974,192.168.1.12,140.82.114.25,TCP,52337.0,443.0,96,PA,0
1745843962.7258089,140.82.114.25,192.168.1.12,TCP,443.0,52337.0,66,A,0
1745843985.416667,192.168.1.12,142.250.82.215,UDP,54888.0,3478.0,162,,0
1745843985.433843,142.250.82.215,192.168.1.12,UDP,3478.0,54888.0,106,,0
1745844007.174455,192.168.1.12,192.168.1.1,UDP,137.0,137.0,110,,0
1745844007.175122,192.168.1.12,192.168.1.1,UDP,137.0,137.0,110,,0
1745844007.175628,192.168.1.12,192.168.1.1,UDP,137.0,137.0,110,,0
1745844007.177043,192.168.1.1,192.168.1.12,ICMP,,,138,,0
1745844007.1780438,192.168.1.1,192.168.1.12,ICMP,,,138,,0
1745844007.178973,192.168.1.1,192.168.1.12,ICMP,,,138,,0
1745844007.7259,192.168.1.12,140.82.114.25,TCP,52337.0,443.0,54,A,0
1745844007.997116,140.82.114.25,192.168.1.12,TCP,443.0,52337.0,66,A,0
1745844010.650236,192.168.1.12,142.250.82.215,UDP,54888.0,3478.0,162,,0
1745844010.666112,142.250.82.215,192.168.1.12,UDP,3478.0,54888.0,106,,0
1745844021.323284,192.168.1.7,224.0.0.251,UDP,5353.0,5353.0,102,,0
1745844021.403688,192.168.1.7,224.0.0.251,UDP,5353.0,5353.0,82,,0
1745844021.406513,192.168.1.7,224.0.0.251,UDP,5353.0,5353.0,417,,0
1745844022.454547,140.82.114.25,192.168.1.12,TCP,443.0,52337.0,92,PA,0
1745844022.455411,192.168.1.12,140.82.114.25,TCP,52337.0,443.0,66,A,0
1745844022.456201,192.168.1.12,140.82.114.25,TCP,52337.0,443.0,96,PA,0
1745844022.726517,140.82.114.25,192.168.1.12,TCP,443.0,52337.0,66,A,0
1745844031.153213,0.0.0.0,224.0.0.1,2,,,46,,0
1745844035.1493618,192.168.1.7,224.0.0.251,2,,,46,,0
1745844035.8867671,192.168.1.12,142.250.82.215,UDP,54888.0,3478.0,162,,0
1745844035.903529,142.250.82.215,192.168.1.12,UDP,3478.0,54888.0,106,,0
1745844044.918825,192.168.1.12,52.182.143.214,TCP,52544.0,443.0,78,S,0
1745844044.967946,192.168.1.12,20.189.173.24,TCP,52545.0,443.0,78,S,0
1745844045.164182,52.182.143.214,192.168.1.12,TCP,443.0,52544.0,74,SA,0
1745844045.1644402,192.168.1.12,52.182.143.214,TCP,52544.0,443.0,66,A,0
1745844045.1649191,192.168.1.12,52.182.143.214,TCP,52544.0,443.0,1494,A,0
1745844045.1651998,192.168.1.12,52.182.143.214,TCP,52544.0,443.0,507,PA,0
1745844045.22188,20.189.173.24,192.168.1.12,TCP,443.0,52545.0,74,SA,0
1745844045.222246,192.168.1.12,20.189.173.24,TCP,52545.0,443.0,66,A,0
1745844045.222584,192.168.1.12,20.189.173.24,TCP,52545.0,443.0,583,PA,0
1745844045.416012,52.182.143.214,192.168.1.12,TCP,443.0,52544.0,66,A,0
1745844045.478493,20.189.173.24,192.168.1.12,TCP,443.0,52545.0,165,PA,0
1745844045.4791338,192.168.1.12,20.189.173.24,TCP,52545.0,443.0,66,A,0
1745844045.480285,192.168.1.12,20.189.173.24,TCP,52545.0,443.0,503,PA,0
1745844045.536119,52.182.143.214,192.168.1.12,TCP,443.0,52544.0,165,PA,0
1745844045.537046,192.168.1.12,52.182.143.214,TCP,52544.0,443.0,66,A,0
1745844045.537548,192.168.1.12,52.182.143.214,TCP,52544.0,443.0,781,PA,0
1745844045.742017,20.189.173.24,192.168.1.12,TCP,443.0,52545.0,1506,A,0
1745844045.743419,20.189.173.24,192.168.1.12,TCP,443.0,52545.0,1506,A,0
1745844045.744011,20.189.173.24,192.168.1.12,TCP,443.0,52545.0,1506,A,0
1745844045.744436,20.189.173.24,192.168.1.12,TCP,443.0,52545.0,277,PA,0
1745844045.744821,192.168.1.12,20.189.173.24,TCP,52545.0,443.0,66,A,0
1745844045.745143,192.168.1.12,20.189.173.24,TCP,52545.0,443.0,66,A,0
1745844045.746091,192.168.1.12,20.189.173.24,TCP,52545.0,443.0,1494,A,0
1745844045.7465038,192.168.1.12,20.189.173.24,TCP,52545.0,443.0,1494,A,0
1745844045.746923,192.168.1.12,20.189.173.24,TCP,52545.0,443.0,1494,A,0
1745844045.747398,192.168.1.12,20.189.173.24,TCP,52545.0,443.0,1494,A,0
1745844045.747815,192.168.1.12,20.189.173.24,TCP,52545.0,443.0,1494,A,0
1745844045.748228,192.168.1.12,20.189.173.24,TCP,52545.0,443.0,1494,A,0
1745844045.7486532,192.168.1.12,20.189.173.24,TCP,52545.0,443.0,1494,A,0
1745844045.749088,192.168.1.12,20.189.173.24,TCP,52545.0,443.0,1494,A,0
1745844045.74948,192.168.1.12,20.189.173.24,TCP,52545.0,443.0,1158,PA,0
1745844045.791286,52.182.143.214,192.168.1.12,TCP,443.0,52544.0,1506,A,0
1745844045.791727,52.182.143.214,192.168.1.12,TCP,443.0,52544.0,1506,A,0
1745844045.792083,52.182.143.214,192.168.1.12,TCP,443.0,52544.0,1506,A,0
1745844045.792868,52.182.143.214,192.168.1.12,TCP,443.0,52544.0,1506,A,0
1745844045.793323,52.182.143.214,192.168.1.12,TCP,443.0,52544.0,712,PA,0
1745844045.7937322,192.168.1.12,52.182.143.214,TCP,52544.0,443.0,66,A,0
1745844045.7953038,192.168.1.12,52.182.143.214,TCP,52544.0,443.0,66,A,0
1745844045.795695,192.168.1.12,52.182.143.214,TCP,52544.0,443.0,140,PA,0
1745844045.7960808,192.168.1.12,52.182.143.214,TCP,52544.0,443.0,158,PA,0
1745844045.796484,192.168.1.12,52.182.143.214,TCP,52544.0,443.0,560,PA,0
1745844045.79689,192.168.1.12,52.182.143.214,TCP,52544.0,443.0,1494,A,0
1745844045.797284,192.168.1.12,52.182.143.214,TCP,52544.0,443.0,827,PA,0
1745844046.001287,20.189.173.24,192.168.1.12,TCP,443.0,52545.0,66,A,0
1745844046.00193,20.189.173.24,192.168.1.12,TCP,443.0,52545.0,169,PA,0
1745844046.002322,192.168.1.12,20.189.173.24,TCP,52545.0,443.0,66,A,0
1745844046.003186,20.189.173.24,192.168.1.12,TCP,443.0,52545.0,66,A,0
1745844046.003562,20.189.173.24,192.168.1.12,TCP,443.0,52545.0,66,A,0
1745844046.003813,20.189.173.24,192.168.1.12,TCP,443.0,52545.0,66,A,0
1745844046.005617,20.189.173.24,192.168.1.12,TCP,443.0,52545.0,530,FPA,0
1745844046.005889,192.168.1.12,20.189.173.24,TCP,52545.0,443.0,66,A,0
1745844046.0063648,192.168.1.12,20.189.173.24,TCP,52545.0,443.0,90,PA,0
1745844046.006623,192.168.1.12,20.189.173.24,TCP,52545.0,443.0,66,FA,0
1745844046.043914,52.182.143.214,192.168.1.12,TCP,443.0,52544.0,66,A,0
1745844046.0443368,52.182.143.214,192.168.1.12,TCP,443.0,52544.0,66,A,0
1745844046.0478258,52.182.143.214,192.168.1.12,TCP,443.0,52544.0,169,PA,0
1745844046.048212,192.168.1.12,52.182.143.214,TCP,52544.0,443.0,66,A,0
1745844046.048655,52.182.143.214,192.168.1.12,TCP,443.0,52544.0,128,PA,0
1745844046.0489862,192.168.1.12,52.182.143.214,TCP,52544.0,443.0,66,A,0
1745844046.049377,192.168.1.12,52.182.143.214,TCP,52544.0,443.0,97,PA,0
1745844046.444272,20.189.173.24,192.168.1.12,TCP,443.0,52545.0,66,A,0
1745844046.444905,52.182.143.214,192.168.1.12,TCP,443.0,52544.0,378,PA,0
1745844046.445235,52.182.143.214,192.168.1.12,TCP,443.0,52544.0,66,A,0
1745844046.445624,192.168.1.12,52.182.143.214,TCP,52544.0,443.0,66,A,0
1745844049.027974,192.168.1.12,52.182.143.214,TCP,52544.0,443.0,66,FA,0
1745844049.2761269,52.182.143.214,192.168.1.12,TCP,443.0,52544.0,66,FA,0
1745844049.276907,192.168.1.12,52.182.143.214,TCP,52544.0,443.0,66,A,0
1745844061.119908,192.168.1.12,142.250.82.215,UDP,54888.0,3478.0,162,,0
1745844061.137292,142.250.82.215,192.168.1.12,UDP,3478.0,54888.0,106,,0
1745844067.727461,192.168.1.12,140.82.114.25,TCP,52337.0,443.0,54,A,0
1745844067.99938,140.82.114.25,192.168.1.12,TCP,443.0,52337.0,66,A,0
1745844082.459351,140.82.114.25,192.168.1.12,TCP,443.0,52337.0,92,PA,0
1745844082.460132,192.168.1.12,140.82.114.25,TCP,52337.0,443.0,66,A,0
1745844082.460947,192.168.1.12,140.82.114.25,TCP,52337.0,443.0,96,PA,0
1745844082.733283,140.82.114.25,192.168.1.12,TCP,443.0,52337.0,66,A,0
1745844083.210217,192.168.1.7,224.0.0.251,UDP,5353.0,5353.0,82,,0
1745844083.214638,192.168.1.7,224.0.0.251,UDP,5353.0,5353.0,417,,0
1745844086.35548,192.168.1.12,142.250.82.215,UDP,54888.0,3478.0,162,,0
1745844086.373176,142.250.82.215,192.168.1.12,UDP,3478.0,54888.0,106,,0
1745844111.5918798,192.168.1.12,142.250.82.215,UDP,54888.0,3478.0,162,,0
1745844111.607531,142.250.82.215,192.168.1.12,UDP,3478.0,54888.0,106,,0
1745844127.7349608,192.168.1.12,140.82.114.25,TCP,52337.0,443.0,54,A,0
1745844128.006609,140.82.114.25,192.168.1.12,TCP,443.0,52337.0,66,A,0
1745844136.824661,192.168.1.12,142.250.82.215,UDP,54888.0,3478.0,162,,0
1745844136.840268,142.250.82.215,192.168.1.12,UDP,3478.0,54888.0,106,,0
1745844142.455016,140.82.114.25,192.168.1.12,TCP,443.0,52337.0,107,PA,0
1745844142.45546,192.168.1.12,140.82.114.25,TCP,52337.0,443.0,66,A,0
1745844142.456209,192.168.1.12,140.82.114.25,TCP,52337.0,443.0,111,PA,0
1745844142.72861,140.82.114.25,192.168.1.12,TCP,443.0,52337.0,66,A,0
1745844143.729218,140.82.114.25,192.168.1.12,TCP,443.0,52337.0,90,PA,0
1745844143.729768,140.82.114.25,192.168.1.12,TCP,443.0,52337.0,66,FA,0
1745844143.730312,192.168.1.12,140.82.114.25,TCP,52337.0,443.0,66,A,0
1745844143.730766,192.168.1.12,140.82.114.25,TCP,52337.0,443.0,66,FA,0
1745844143.888163,192.168.1.12,140.82.113.26,TCP,52547.0,443.0,78,S,0
1745844144.001899,140.82.114.25,192.168.1.12,TCP,443.0,52337.0,66,A,0
1745844144.16338,140.82.113.26,192.168.1.12,TCP,443.0,52547.0,74,SA,0
1745844144.163924,192.168.1.12,140.82.113.26,TCP,52547.0,443.0,66,A,0
1745844144.164428,192.168.1.12,140.82.113.26,TCP,52547.0,443.0,1490,A,0
1745844144.164843,192.168.1.12,140.82.113.26,TCP,52547.0,443.0,531,PA,0
1745844144.442972,140.82.113.26,192.168.1.12,TCP,443.0,52547.0,66,A,0
1745844144.443865,140.82.113.26,192.168.1.12,TCP,443.0,52547.0,1490,A,0
1745844144.444518,140.82.113.26,192.168.1.12,TCP,443.0,52547.0,1490,PA,0
1745844144.4450402,140.82.113.26,192.168.1.12,TCP,443.0,52547.0,713,PA,0
1745844144.44539,192.168.1.12,140.82.113.26,TCP,52547.0,443.0,66,A,0
1745844144.445725,192.168.1.12,140.82.113.26,TCP,52547.0,443.0,66,A,0
1745844144.446135,192.168.1.12,140.82.113.26,TCP,52547.0,443.0,130,PA,0
1745844144.44657,192.168.1.12,140.82.113.26,TCP,52547.0,443.0,1313,PA,0
1745844144.721329,140.82.113.26,192.168.1.12,TCP,443.0,52547.0,145,PA,0
1745844144.722163,140.82.113.26,192.168.1.12,TCP,443.0,52547.0,145,PA,0
1745844144.722871,192.168.1.12,140.82.113.26,TCP,52547.0,443.0,66,A,0
1745844144.726188,140.82.113.26,192.168.1.12,TCP,443.0,52547.0,653,PA,0
1745844144.7268531,192.168.1.12,140.82.113.26,TCP,52547.0,443.0,66,A,0
1745844144.729325,192.168.1.12,140.82.113.26,TCP,52547.0,443.0,117,PA,0
1745844145.050444,140.82.113.26,192.168.1.12,TCP,443.0,52547.0,66,A,0
1745844146.008772,140.82.113.26,192.168.1.12,TCP,443.0,52547.0,90,PA,0
1745844146.0097091,140.82.113.26,192.168.1.12,TCP,443.0,52547.0,66,FA,0
1745844146.010214,192.168.1.12,140.82.113.26,TCP,52547.0,443.0,66,A,0
1745844146.010546,192.168.1.12,140.82.113.26,TCP,52547.0,443.0,66,A,0
1745844146.010888,192.168.1.12,140.82.113.26,TCP,52547.0,443.0,66,FA,0
1745844146.023434,192.168.1.12,20.207.73.82,TCP,52548.0,443.0,78,S,0
1745844146.056656,20.207.73.82,192.168.1.12,TCP,443.0,52548.0,74,SA,0
1745844146.057373,192.168.1.12,20.207.73.82,TCP,52548.0,443.0,66,A,0
1745844146.058236,192.168.1.12,20.207.73.82,TCP,52548.0,443.0,1490,A,0
1745844146.059028,192.168.1.12,20.207.73.82,TCP,52548.0,443.0,473,PA,0
1745844146.097847,20.207.73.82,192.168.1.12,TCP,443.0,52548.0,66,A,0
1745844146.098721,20.207.73.82,192.168.1.12,TCP,443.0,52548.0,1490,A,0
1745844146.099509,20.207.73.82,192.168.1.12,TCP,443.0,52548.0,1490,PA,0
1745844146.100322,20.207.73.82,192.168.1.12,TCP,443.0,52548.0,708,PA,0
1745844146.100759,192.168.1.12,20.207.73.82,TCP,52548.0,443.0,66,A,0
1745844146.102994,192.168.1.12,20.207.73.82,TCP,52548.0,443.0,130,PA,0
1745844146.103318,192.168.1.12,20.207.73.82,TCP,52548.0,443.0,158,PA,0
1745844146.103683,192.168.1.12,20.207.73.82,TCP,52548.0,443.0,1451,PA,0
1745844146.138646,20.207.73.82,192.168.1.12,TCP,443.0,52548.0,145,PA,0
1745844146.139283,20.207.73.82,192.168.1.12,TCP,443.0,52548.0,145,PA,0
1745844146.1398258,192.168.1.12,20.207.73.82,TCP,52548.0,443.0,66,A,0
1745844146.14182,20.207.73.82,192.168.1.12,TCP,443.0,52548.0,66,A,0
1745844146.142218,20.207.73.82,192.168.1.12,TCP,443.0,52548.0,130,PA,0
1745844146.142559,192.168.1.12,20.207.73.82,TCP,52548.0,443.0,66,A,0
1745844146.142949,192.168.1.12,20.207.73.82,TCP,52548.0,443.0,97,PA,0
1745844146.226966,20.207.73.82,192.168.1.12,TCP,443.0,52548.0,66,A,0
1745844146.28738,140.82.113.26,192.168.1.12,TCP,443.0,52547.0,66,A,0
1745844146.366401,20.207.73.82,192.168.1.12,TCP,443.0,52548.0,1490,A,0
1745844146.367271,20.207.73.82,192.168.1.12,TCP,443.0,52548.0,1490,A,0
1745844146.369399,20.207.73.82,192.168.1.12,TCP,443.0,52548.0,1490,A,0
1745844146.369905,20.207.73.82,192.168.1.12,TCP,443.0,52548.0,488,PA,0
1745844146.370307,192.168.1.12,20.207.73.82,TCP,52548.0,443.0,66,A,0
1745844146.370624,192.168.1.12,20.207.73.82,TCP,52548.0,443.0,66,A,0
1745844146.3727229,192.168.1.12,20.207.73.82,TCP,52548.0,443.0,635,PA,0
1745844146.410496,20.207.73.82,192.168.1.12,TCP,443.0,52548.0,66,A,0
1745844146.625084,20.207.73.82,192.168.1.12,TCP,443.0,52548.0,1490,A,0
1745844146.626322,20.207.73.82,192.168.1.12,TCP,443.0,52548.0,1490,A,0
1745844146.626994,20.207.73.82,192.168.1.12,TCP,443.0,52548.0,1490,A,0
1745844146.627354,20.207.73.82,192.168.1.12,TCP,443.0,52548.0,525,PA,0
1745844146.627689,192.168.1.12,20.207.73.82,TCP,52548.0,443.0,66,A,0
1745844146.627966,192.168.1.12,20.207.73.82,TCP,52548.0,443.0,66,A,0
1745844146.6299882,192.168.1.12,140.82.113.26,TCP,52549.0,443.0,78,S,0
1745844146.9350731,140.82.113.26,192.168.1.12,TCP,443.0,52549.0,74,SA,0
1745844146.935495,192.168.1.12,140.82.113.26,TCP,52549.0,443.0,66,A,0
1745844146.935987,192.168.1.12,140.82.113.26,TCP,52549.0,443.0,1490,A,0
1745844146.9364412,192.168.1.12,140.82.113.26,TCP,52549.0,443.0,435,PA,0
1745844147.199626,140.82.113.26,192.168.1.12,TCP,443.0,52549.0,66,A,0
1745844147.200755,140.82.113.26,192.168.1.12,TCP,443.0,52549.0,1490,A,0
1745844147.202475,140.82.113.26,192.168.1.12,TCP,443.0,52549.0,1490,PA,0
1745844147.202952,140.82.113.26,192.168.1.12,TCP,443.0,52549.0,712,PA,0
1745844147.203417,192.168.1.12,140.82.113.26,TCP,52549.0,443.0,66,A,0
1745844147.203837,192.168.1.12,140.82.113.26,TCP,52549.0,443.0,130,PA,0
1745844147.204257,192.168.1.12,140.82.113.26,TCP,52549.0,443.0,1313,PA,0
1745844147.464332,140.82.113.26,192.168.1.12,TCP,443.0,52549.0,145,PA,0
1745844147.465256,140.82.113.26,192.168.1.12,TCP,443.0,52549.0,145,PA,0
1745844147.465804,192.168.1.12,140.82.113.26,TCP,52549.0,443.0,66,A,0
1745844147.466225,140.82.113.26,192.168.1.12,TCP,443.0,52549.0,628,PA,0
1745844147.466558,192.168.1.12,140.82.113.26,TCP,52549.0,443.0,66,A,0
1745844147.467264,192.168.1.12,140.82.113.26,TCP,52549.0,443.0,437,PA,0
1745844147.729485,140.82.113.26,192.168.1.12,TCP,443.0,52549.0,139,PA,0
1745844147.7302551,192.168.1.12,140.82.113.26,TCP,52549.0,443.0,66,A,0
1745844149.353461,192.168.1.12,20.207.73.82,TCP,52548.0,443.0,66,FA,0
1745844149.390952,20.207.73.82,192.168.1.12,TCP,443.0,52548.0,90,PA,0
1745844149.3917089,20.207.73.82,192.168.1.12,TCP,443.0,52548.0,66,FA,0
1745844149.392346,192.168.1.12,20.207.73.82,TCP,52548.0,443.0,54,R,0
1745844149.392928,192.168.1.12,20.207.73.82,TCP,52548.0,443.0,54,R,0
1745844156.594046,0.0.0.0,224.0.0.1,2,,,46,,0
1745844157.617737,192.168.1.7,224.0.0.251,2,,,46,,0
1745844162.0575411,192.168.1.12,142.250.82.215,UDP,54888.0,3478.0,162,,0
1745844162.073188,142.250.82.215,192.168.1.12,UDP,3478.0,54888.0,106,,0
1745844180.422936,192.168.1.7,224.0.0.251,UDP,5353.0,5353.0,127,,0
1745844180.425083,192.168.1.7,224.0.0.251,UDP,5353.0,5353.0,194,,0
1745844181.6217651,192.168.1.7,224.0.0.251,UDP,5353.0,5353.0,82,,0
1745844181.624427,192.168.1.7,224.0.0.251,UDP,5353.0,5353.0,417,,0
1745844187.293036,192.168.1.12,142.250.82.215,UDP,54888.0,3478.0,162,,0
1745844187.312002,142.250.82.215,192.168.1.12,UDP,3478.0,54888.0,106,,0
1745844192.7311249,192.168.1.12,140.82.113.26,TCP,52549.0,443.0,54,A,0
1745844192.994027,140.82.113.26,192.168.1.12,TCP,443.0,52549.0,66,A,0
1745844204.776285,192.168.1.12,20.189.173.7,TCP,52550.0,443.0,78,S,0
1745844205.025651,192.168.1.12,20.189.173.7,TCP,52551.0,443.0,78,S,0
1745844205.029068,20.189.173.7,192.168.1.12,TCP,443.0,52550.0,74,SA,0
1745844205.029276,192.168.1.12,20.189.173.7,TCP,52550.0,443.0,66,A,0
1745844205.0295491,192.168.1.12,20.189.173.7,TCP,52550.0,443.0,1494,A,0
1745844205.0297978,192.168.1.12,20.189.173.7,TCP,52550.0,443.0,571,PA,0
1745844205.2931032,20.189.173.7,192.168.1.12,TCP,443.0,52550.0,66,A,0
1745844205.2937238,20.189.173.7,192.168.1.12,TCP,443.0,52551.0,74,SA,0
1745844205.294129,192.168.1.12,20.189.173.7,TCP,52551.0,443.0,66,A,0
1745844205.2946718,192.168.1.12,20.189.173.7,TCP,52551.0,443.0,1494,A,0
1745844205.295101,192.168.1.12,20.189.173.7,TCP,52551.0,443.0,507,PA,0
1745844205.2954838,20.189.173.7,192.168.1.12,TCP,443.0,52550.0,165,PA,0
1745844205.2958028,192.168.1.12,20.189.173.7,TCP,52550.0,443.0,66,A,0
1745844205.296263,192.168.1.12,20.189.173.7,TCP,52550.0,443.0,845,PA,0
1745844205.555659,20.189.173.7,192.168.1.12,TCP,443.0,52551.0,66,A,0
1745844205.559973,20.189.173.7,192.168.1.12,TCP,443.0,52551.0,165,PA,0
1745844205.560153,192.168.1.12,20.189.173.7,TCP,52551.0,443.0,66,A,0
1745844205.560875,192.168.1.12,20.189.173.7,TCP,52551.0,443.0,781,PA,0
1745844205.575927,20.189.173.7,192.168.1.12,TCP,443.0,52550.0,1506,A,0
1745844205.576138,20.189.173.7,192.168.1.12,TCP,443.0,52550.0,1506,A,0
1745844205.576328,20.189.173.7,192.168.1.12,TCP,443.0,52550.0,1506,A,0
1745844205.576509,20.189.173.7,192.168.1.12,TCP,443.0,52550.0,1506,A,0
1745844205.576695,20.189.173.7,192.168.1.12,TCP,443.0,52550.0,712,PA,0
1745844205.576866,192.168.1.12,20.189.173.7,TCP,52550.0,443.0,66,A,0
1745844205.577009,192.168.1.12,20.189.173.7,TCP,52550.0,443.0,66,A,0
1745844205.577183,192.168.1.12,20.189.173.7,TCP,52550.0,443.0,140,PA,0
1745844205.577394,192.168.1.12,20.189.173.7,TCP,52550.0,443.0,158,PA,0
1745844205.577573,192.168.1.12,20.189.173.7,TCP,52550.0,443.0,560,PA,0
1745844205.57775,192.168.1.12,20.189.173.7,TCP,52550.0,443.0,1494,A,0
1745844205.577926,192.168.1.12,20.189.173.7,TCP,52550.0,443.0,1494,A,0
1745844205.578103,192.168.1.12,20.189.173.7,TCP,52550.0,443.0,1494,A,0
1745844205.5782762,192.168.1.12,20.189.173.7,TCP,52550.0,443.0,157,PA,0
1745844205.8294249,20.189.173.7,192.168.1.12,TCP,443.0,52551.0,1506,A,0
1745844205.829812,20.189.173.7,192.168.1.12,TCP,443.0,52551.0,1506,A,0
1745844205.830121,20.189.173.7,192.168.1.12,TCP,443.0,52551.0,1506,A,0
1745844205.831201,20.189.173.7,192.168.1.12,TCP,443.0,52551.0,1506,A,0
1745844205.831527,20.189.173.7,192.168.1.12,TCP,443.0,52551.0,712,PA,0
1745844205.8318238,192.168.1.12,20.189.173.7,TCP,52551.0,443.0,66,A,0
1745844205.8320582,192.168.1.12,20.189.173.7,TCP,52551.0,443.0,66,A,0
1745844205.832361,192.168.1.12,20.189.173.7,TCP,52551.0,443.0,140,PA,0
1745844205.8326242,20.189.173.7,192.168.1.12,TCP,443.0,52550.0,66,A,0
1745844205.8328729,20.189.173.7,192.168.1.12,TCP,443.0,52550.0,66,A,0
1745844205.8331,20.189.173.7,192.168.1.12,TCP,443.0,52550.0,66,A,0
1745844205.852427,20.189.173.7,192.168.1.12,TCP,443.0,52550.0,169,PA,0
1745844205.8527,192.168.1.12,20.189.173.7,TCP,52550.0,443.0,66,A,0
1745844205.864084,20.189.173.7,192.168.1.12,TCP,443.0,52550.0,128,PA,0
1745844205.864348,192.168.1.12,20.189.173.7,TCP,52550.0,443.0,66,A,0
1745844205.864642,192.168.1.12,20.189.173.7,TCP,52550.0,443.0,97,PA,0
1745844206.099648,20.189.173.7,192.168.1.12,TCP,443.0,52551.0,169,PA,0
1745844206.100003,20.189.173.7,192.168.1.12,TCP,443.0,52551.0,128,PA,0
1745844206.100284,192.168.1.12,20.189.173.7,TCP,52551.0,443.0,66,A,0
1745844206.1065972,20.189.173.7,192.168.1.12,TCP,443.0,52550.0,97,PA,0
1745844206.106818,192.168.1.12,20.189.173.7,TCP,52550.0,443.0,66,A,0
1745844206.1746502,20.189.173.7,192.168.1.12,TCP,443.0,52550.0,66,A,0
1745844206.737055,20.189.173.7,192.168.1.12,TCP,443.0,52550.0,347,PA,0
1745844206.737799,192.168.1.12,20.189.173.7,TCP,52550.0,443.0,66,A,0
1745844207.465775,140.82.113.26,192.168.1.12,TCP,443.0,52549.0,91,PA,0
1745844207.4664268,192.168.1.12,140.82.113.26,TCP,52549.0,443.0,66,A,0
1745844207.467231,192.168.1.12,140.82.113.26,TCP,52549.0,443.0,95,PA,0
1745844207.7691069,140.82.113.26,192.168.1.12,TCP,443.0,52549.0,66,A,0
1745844209.060312,192.168.1.12,20.189.173.7,TCP,52551.0,443.0,66,FA,0
1745844209.061089,192.168.1.12,20.189.173.7,TCP,52550.0,443.0,66,FA,0
1745844209.328172,20.189.173.7,192.168.1.12,TCP,443.0,52551.0,54,RA,0
1745844209.345788,20.189.173.7,192.168.1.12,TCP,443.0,52550.0,66,FA,0
1745844209.34654,192.168.1.12,20.189.173.7,TCP,52550.0,443.0,66,A,0
1745844212.5264452,192.168.1.12,142.250.82.215,UDP,54888.0,3478.0,162,,0
1745844212.5445209,142.250.82.215,192.168.1.12,UDP,3478.0,54888.0,106,,0
1745844221.313516,192.168.1.12,23.21.202.131,TCP,52552.0,443.0,78,S,0
1745844221.566452,23.21.202.131,192.168.1.12,TCP,443.0,52552.0,74,SA,0
1745844221.5672,192.168.1.12,23.21.202.131,TCP,52552.0,443.0,66,A,0
1745844221.567652,192.168.1.12,23.21.202.131,TCP,52552.0,443.0,1506,A,0
1745844221.5679412,192.168.1.12,23.21.202.131,TCP,52552.0,443.0,604,PA,0
1745844221.825245,23.21.202.131,192.168.1.12,TCP,443.0,52552.0,66,A,0
1745844221.825716,23.21.202.131,192.168.1.12,TCP,443.0,52552.0,66,A,0
1745844221.826143,23.21.202.131,192.168.1.12,TCP,443.0,52552.0,1506,A,0
1745844221.826553,23.21.202.131,192.168.1.12,TCP,443.0,52552.0,1506,A,0
1745844221.828405,23.21.202.131,192.168.1.12,TCP,443.0,52552.0,1506,A,0
1745844221.8287911,23.21.202.131,192.168.1.12,TCP,443.0,52552.0,97,PA,0
1745844221.82911,192.168.1.12,23.21.202.131,TCP,52552.0,443.0,66,A,0
1745844221.829418,192.168.1.12,23.21.202.131,TCP,52552.0,443.0,66,A,0
1745844221.829828,192.168.1.12,23.21.202.131,TCP,52552.0,443.0,130,PA,0
1745844221.830213,192.168.1.12,23.21.202.131,TCP,52552.0,443.0,158,PA,0
1745844221.8306282,192.168.1.12,23.21.202.131,TCP,52552.0,443.0,1506,A,0
1745844221.831035,192.168.1.12,23.21.202.131,TCP,52552.0,443.0,456,PA,0
1745844222.075875,23.21.202.131,192.168.1.12,TCP,443.0,52552.0,66,A,0
1745844222.076135,23.21.202.131,192.168.1.12,TCP,443.0,52552.0,66,A,0
1745844222.076422,23.21.202.131,192.168.1.12,TCP,443.0,52552.0,245,PA,0
1745844222.077766,23.21.202.131,192.168.1.12,TCP,443.0,52552.0,137,PA,0
1745844222.078283,192.168.1.12,23.21.202.131,TCP,52552.0,443.0,66,A,0
1745844222.078679,192.168.1.12,23.21.202.131,TCP,52552.0,443.0,97,PA,0
1745844222.087351,23.21.202.131,192.168.1.12,TCP,443.0,52552.0,525,PA,0
1745844222.0876632,23.21.202.131,192.168.1.12,TCP,443.0,52552.0,97,PA,0
1745844222.087911,192.168.1.12,23.21.202.131,TCP,52552.0,443.0,66,A,0
1745844222.369022,23.21.202.131,192.168.1.12,TCP,443.0,52552.0,66,A,0
1745844224.365922,192.168.1.12,23.21.202.131,TCP,52552.0,443.0,66,FA,0
1745844224.6184058,23.21.202.131,192.168.1.12,TCP,443.0,52552.0,90,PA,0
1745844224.619391,23.21.202.131,192.168.1.12,TCP,443.0,52552.0,66,FA,0
1745844224.620807,192.168.1.12,23.21.202.131,TCP,52552.0,443.0,54,R,0
1745844224.6211572,192.168.1.12,23.21.202.131,TCP,52552.0,443.0,54,R,0
1745844225.239588,192.168.1.12,172.217.167.130,UDP,58109.0,443.0,1292,,0
1745844225.239964,192.168.1.12,172.217.167.130,UDP,58109.0,443.0,1292,,0
1745844225.240252,192.168.1.12,172.217.167.130,UDP,58109.0,443.0,121,,0
1745844225.240543,192.168.1.12,172.217.167.130,UDP,58109.0,443.0,796,,0
1745844225.2551749,172.217.167.130,192.168.1.12,UDP,443.0,58109.0,82,,0
1745844225.2561622,172.217.167.130,192.168.1.12,UDP,443.0,58109.0,1292,,0
1745844225.27414,192.168.1.12,172.217.167.130,UDP,58109.0,443.0,1292,,0
1745844225.289145,172.217.167.130,192.168.1.12,UDP,443.0,58109.0,1292,,0
1745844225.289463,172.217.167.130,192.168.1.12,UDP,443.0,58109.0,350,,0
1745844225.289751,172.217.167.130,192.168.1.12,UDP,443.0,58109.0,984,,0
1745844225.290041,172.217.167.130,192.168.1.12,UDP,443.0,58109.0,85,,0
1745844225.2903218,172.217.167.130,192.168.1.12,UDP,443.0,58109.0,66,,0
1745844225.2907982,192.168.1.12,172.217.167.130,UDP,58109.0,443.0,120,,0
1745844225.291191,192.168.1.12,172.217.167.130,UDP,58109.0,443.0,73,,0
1745844225.295668,172.217.167.130,192.168.1.12,UDP,443.0,58109.0,1292,,0
1745844225.296133,172.217.167.130,192.168.1.12,UDP,443.0,58109.0,355,,0
1745844225.296541,192.168.1.12,172.217.167.130,UDP,58109.0,443.0,155,,0
1745844225.312149,172.217.167.130,192.168.1.12,UDP,443.0,58109.0,162,,0
1745844225.3142211,192.168.1.12,172.217.167.130,UDP,58109.0,443.0,75,,0
1745844225.3279512,172.217.167.130,192.168.1.12,UDP,443.0,58109.0,374,,0
1745844225.3284512,192.168.1.12,172.217.167.130,UDP,58109.0,443.0,79,,0
1745844225.32894,172.217.167.130,192.168.1.12,UDP,443.0,58109.0,63,,0
1745844225.329375,192.168.1.12,172.217.167.130,UDP,58109.0,443.0,75,,0
1745844225.3434298,172.217.167.130,192.168.1.12,UDP,443.0,58109.0,69,,0
1745844237.761452,192.168.1.12,142.250.82.215,UDP,54888.0,3478.0,162,,0
1745844237.777468,142.250.82.215,192.168.1.12,UDP,3478.0,54888.0,106,,0
1745844241.72304,192.168.1.12,20.189.173.7,TCP,52570.0,443.0,78,S,0
1745844241.979051,192.168.1.12,20.189.173.7,TCP,52571.0,443.0,78,S,0
1745844241.991769,20.189.173.7,192.168.1.12,TCP,443.0,52570.0,74,SA,0
1745844241.992477,192.168.1.12,20.189.173.7,TCP,52570.0,443.0,66,A,0
1745844241.9935842,192.168.1.12,20.189.173.7,TCP,52570.0,443.0,1494,A,0
1745844241.99404,192.168.1.12,20.189.173.7,TCP,52570.0,443.0,539,PA,0
1745844242.2355032,20.189.173.7,192.168.1.12,TCP,443.0,52571.0,74,SA,0
1745844242.235782,192.168.1.12,20.189.173.7,TCP,52571.0,443.0,66,A,0
1745844242.236068,192.168.1.12,20.189.173.7,TCP,52571.0,443.0,1494,A,0
1745844242.236338,192.168.1.12,20.189.173.7,TCP,52571.0,443.0,539,PA,0
1745844242.2647018,20.189.173.7,192.168.1.12,TCP,443.0,52570.0,66,A,0
1745844242.269523,20.189.173.7,192.168.1.12,TCP,443.0,52570.0,165,PA,0
1745844242.269783,192.168.1.12,20.189.173.7,TCP,52570.0,443.0,66,A,0
1745844242.2715268,192.168.1.12,20.189.173.7,TCP,52570.0,443.0,813,PA,0
1745844242.497707,20.189.173.7,192.168.1.12,TCP,443.0,52571.0,66,A,0
1745844242.49868,20.189.173.7,192.168.1.12,TCP,443.0,52571.0,165,PA,0
1745844242.49939,192.168.1.12,20.189.173.7,TCP,52571.0,443.0,66,A,0
1745844242.501025,192.168.1.12,20.189.173.7,TCP,52571.0,443.0,813,PA,0
1745844242.552615,20.189.173.7,192.168.1.12,TCP,443.0,52570.0,1506,A,0
1745844242.553217,20.189.173.7,192.168.1.12,TCP,443.0,52570.0,1506,A,0
1745844242.553719,20.189.173.7,192.168.1.12,TCP,443.0,52570.0,1506,A,0
1745844242.55434,20.189.173.7,192.168.1.12,TCP,443.0,52570.0,1506,A,0
1745844242.5547771,20.189.173.7,192.168.1.12,TCP,443.0,52570.0,712,PA,0
1745844242.555199,192.168.1.12,20.189.173.7,TCP,52570.0,443.0,66,A,0
1745844242.555561,192.168.1.12,20.189.173.7,TCP,52570.0,443.0,66,A,0
1745844242.556018,192.168.1.12,20.189.173.7,TCP,52570.0,443.0,140,PA,0
1745844242.5564868,192.168.1.12,20.189.173.7,TCP,52570.0,443.0,158,PA,0
1745844242.5569391,192.168.1.12,20.189.173.7,TCP,52570.0,443.0,560,PA,0
1745844242.5573702,192.168.1.12,20.189.173.7,TCP,52570.0,443.0,1494,A,0
1745844242.557777,192.168.1.12,20.189.173.7,TCP,52570.0,443.0,854,PA,0
1745844242.760822,20.189.173.7,192.168.1.12,TCP,443.0,52571.0,1506,A,0
1745844242.7613142,20.189.173.7,192.168.1.12,TCP,443.0,52571.0,1506,A,0
1745844242.762023,20.189.173.7,192.168.1.12,TCP,443.0,52571.0,1506,A,0
1745844242.762784,20.189.173.7,192.168.1.12,TCP,443.0,52571.0,1506,A,0
1745844242.7634392,20.189.173.7,192.168.1.12,TCP,443.0,52571.0,712,PA,0
1745844242.763833,192.168.1.12,20.189.173.7,TCP,52571.0,443.0,66,A,0
1745844242.7641668,192.168.1.12,20.189.173.7,TCP,52571.0,443.0,66,A,0
1745844242.764566,192.168.1.12,20.189.173.7,TCP,52571.0,443.0,140,PA,0
1745844242.822792,20.189.173.7,192.168.1.12,TCP,443.0,52570.0,66,A,0
1745844242.823478,20.189.173.7,192.168.1.12,TCP,443.0,52570.0,66,A,0
1745844242.829344,20.189.173.7,192.168.1.12,TCP,443.0,52570.0,169,PA,0
1745844242.8300312,192.168.1.12,20.189.173.7,TCP,52570.0,443.0,66,A,0
1745844242.834726,20.189.173.7,192.168.1.12,TCP,443.0,52570.0,128,PA,0
1745844242.835381,192.168.1.12,20.189.173.7,TCP,52570.0,443.0,66,A,0
1745844242.836148,192.168.1.12,20.189.173.7,TCP,52570.0,443.0,97,PA,0
1745844243.024181,20.189.173.7,192.168.1.12,TCP,443.0,52571.0,169,PA,0
1745844243.025044,192.168.1.12,20.189.173.7,TCP,52571.0,443.0,66,A,0
1745844243.027902,20.189.173.7,192.168.1.12,TCP,443.0,52571.0,128,PA,0
1745844243.028783,192.168.1.12,20.189.173.7,TCP,52571.0,443.0,66,A,0
1745844243.0992472,20.189.173.7,192.168.1.12,TCP,443.0,52570.0,378,PA,0
1745844243.100141,192.168.1.12,20.189.173.7,TCP,52570.0,443.0,66,A,0
1745844243.191306,20.189.173.7,192.168.1.12,TCP,443.0,52570.0,66,A,0
1745844244.066127,192.168.1.12,20.189.173.7,TCP,52571.0,443.0,66,FA,0
1745844244.066545,192.168.1.12,20.189.173.7,TCP,52570.0,443.0,66,FA,0
1745844244.32271,20.189.173.7,192.168.1.12,TCP,443.0,52571.0,54,RA,0
1745844244.333712,20.189.173.7,192.168.1.12,TCP,443.0,52570.0,66,FA,0
1745844244.334189,192.168.1.12,20.189.173.7,TCP,52570.0,443.0,66,A,0
1745844252.769848,192.168.1.12,140.82.113.26,TCP,52549.0,443.0,54,A,0
1745844253.0314162,140.82.113.26,192.168.1.12,TCP,443.0,52549.0,66,A,0
1745844253.71067,192.168.1.12,224.0.0.251,UDP,5353.0,5353.0,227,,0
1745844253.71832,192.168.1.12,224.0.0.251,UDP,5353.0,5353.0,227,,0
1745844254.714329,192.168.1.12,224.0.0.251,UDP,5353.0,5353.0,227,,0
1745844254.718451,192.168.1.12,224.0.0.251,UDP,5353.0,5353.0,227,,0
1745844256.71432,192.168.1.12,224.0.0.251,UDP,5353.0,5353.0,227,,0
1745844256.7163122,192.168.1.12,224.0.0.251,UDP,5353.0,5353.0,227,,0
1745844260.714998,192.168.1.12,224.0.0.251,UDP,5353.0,5353.0,227,,0
1745844260.719388,192.168.1.12,224.0.0.251,UDP,5353.0,5353.0,227,,0
1745844262.996192,192.168.1.12,142.250.82.215,UDP,54888.0,3478.0,162,,0
1745844263.0133498,142.250.82.215,192.168.1.12,UDP,3478.0,54888.0,106,,0
1745844267.473972,140.82.113.26,192.168.1.12,TCP,443.0,52549.0,91,PA,0
1745844267.474848,192.168.1.12,140.82.113.26,TCP,52549.0,443.0,66,A,0
1745844267.4754932,192.168.1.12,140.82.113.26,TCP,52549.0,443.0,95,PA,0
1745844267.744003,140.82.113.26,192.168.1.12,TCP,443.0,52549.0,66,A,0
1745844277.629248,192.168.1.7,224.0.0.251,UDP,5353.0,5353.0,127,,0
1745844277.6315289,192.168.1.7,224.0.0.251,UDP,5353.0,5353.0,194,,0
1745844278.3180091,192.168.1.7,224.0.0.251,UDP,5353.0,5353.0,82,,0
1745844278.3208058,192.168.1.7,224.0.0.251,UDP,5353.0,5353.0,417,,0
1745844288.230067,192.168.1.12,142.250.82.215,UDP,54888.0,3478.0,162,,0
1745844288.246467,142.250.82.215,192.168.1.12,UDP,3478.0,54888.0,106,,0
